code,name,type
5450,寶聯通,tpex
3687,歐買尬,tpex
5481,新華,tpex
3629,地心引力,tpex
6238,勝麗,tpex
00835B,第一金科技債10+,tpex
00837B,永豐15年金融債,tpex
00798B,國泰中企A級債7+,tpex
6497,亞獅康-KY,tpex
5349,先豐,tpex
01001T,土銀富邦R1,twse
01008T,駿馬R1,twse
01007T,兆豐國泰R2,twse
01009T,王道圓滿R1,twse
01005T,三鼎,twse
01004T,土銀富邦R2,twse
01003T,兆豐新光R1,twse
01002T,土銀國泰R1,twse
709966,金居群益9B購01,tpex
709403,雙美國票9B購01,tpex
710505,泰博富邦9B購01,tpex
710502,泰博元大9B購01,tpex
709994,中美晶元大9B購01,tpex
709985,大江富邦9B購02,tpex
709983,群聯日盛9B購01,tpex
708785,信驊中信9B購01,tpex
710499,網家國泰9B購01,tpex
709972,旺矽元大9B購01,tpex
710510,群聯凱基9B購03,tpex
710575,環球晶中信9B購01,tpex
710590,鈺太凱基9B購01,tpex
710566,碩禾元大9B購01,tpex
711126,聯亞元大9B購05,tpex
711127,頎邦元大9B購03,tpex
711131,胡連永豐9B購01,tpex
711132,僑威永豐9B購01,tpex
711133,寶雅永豐9B購01,tpex
710561,威剛元大9B購02,tpex
711134,中美晶群益9B購03,tpex
73193P,神盾元大9B售04,tpex
711135,元太群益9B購01,tpex
710553,穩懋統一9B購03,tpex
710534,鈺太元大9B購01,tpex
710533,鈊象元大9B購04,tpex
711137,胡連群益9B購01,tpex
711139,中美晶凱基9B購02,tpex
710516,宇峻永豐9B購01,tpex
711140,旺矽凱基9B購01,tpex
711141,胡連凱基9B購01,tpex
711145,環球晶國票9B購02,tpex
73107P,原相國票9B售02,tpex
710560,宏捷科元大9B購02,tpex
710509,建榮凱基9B購01,tpex
710569,中美晶富邦9B購04,tpex
8934,衡平,tpex
5304,鼎創達,tpex
00833B,第一金美債20+,tpex
00855B,富邦全球能源債,tpex
00854B,富邦全球保險債,tpex
6438,迅得,tpex
00874B,凱基BBB公司債15+,tpex
00873B,凱基新興債1-5,tpex
00871B,元大中國政金債,tpex
6426,統新,tpex
00868B,FT1-3年美公債,tpex
3092,鴻碩,tpex
6165,浪凡,twse
1453,大將,twse
1456,怡華,twse
3669,圓展,twse
2429,銘旺科,twse
2614,東森,twse
3450,聯鈞,twse
6165,浪凡,twse
2459,敦吉,twse
2241,艾姆勒,twse
1443,立益,twse
8499,鼎炫-KY,twse
6506,雙邦,tpex
5345,天揚,tpex
3685,元創精密,tpex
3313,斐成,tpex
020017,永豐富櫃200N,tpex
6275,元山,tpex
8354,冠好,tpex
3219,倚強股份,tpex
8489,三貝德,tpex
5604,中連貨,tpex
00839B,凱基醫療保健債,tpex
00869B,FT10-25年公司債,tpex
00832B,新光美債20+,tpex
4152,台微體,tpex
00872B,凱基美債1-3,tpex
00880B,第一金電信債15+,tpex
00879B,第一金美債0-1,tpex
2928,紅馬-KY,tpex
3144,新揚科,tpex
4803,VHQ-KY,tpex
020021,統一恒生科技N,tpex
8406,金可-KY,tpex
020009,群益A50綠碳N,tpex
020003,統一漲升股利150N,tpex
4429,聚紡,tpex
6431,光麗-KY,twse
6431,光麗-KY,twse
2340,台亞,twse
2495,普安,twse
00838B,永豐7-10年中國債,tpex
5209,新鼎,tpex
3512,皇龍,tpex
5321,美而快,tpex
8080,永利聯合,tpex
00889B,凱基ESG新興債15+,tpex
5102,富強,tpex
00843B,台新中國政策債,tpex
00796B,中信中國債7-10,tpex
3652,精聯,tpex
020010,永昌富櫃200N,tpex
5820,日盛金,tpex
3642,駿熠電,tpex
00745B,富邦中政債0-1,tpex
02003L,永豐富櫃200正2N,tpex
020013,元富亞洲高股息N,tpex
00747B,FH中國政策債,tpex
020014,元大富櫃200N,tpex
6247,淇譽電,tpex
00748B,凱基中國債3-10,tpex
6869,雲豹能源-創,twse
6873,泓德能源-創,twse
6594,展匯科,tpex
2432,倚天,twse
00765B,群益中國政金債,tpex
1258,其祥-KY,tpex
6728,上洋,tpex
2702,華園,twse
6763,綠界科技,tpex
2701,萬企,twse
8477,創業家,tpex
8077,洛碁,tpex
5321,美而快,tpex
5301,寶得利,tpex
5278,尚凡,tpex
8044,網家,tpex
3252,海灣,tpex
5364,力麗店,tpex
6741,91APP*-KY,tpex
8433,弘帆,tpex
8472,夠麻吉,tpex
3171,新洲,tpex
8066,來思達,tpex
2704,國賓,twse
8462,柏文,twse
3085,新零售,tpex
5287,數字,tpex
2756,聯發國際,tpex
5704,老爺知,tpex
5706,鳳凰,twse
2924,宏太-KY,tpex
2755,揚秦,tpex
3522,御頂,tpex
2731,雄獅,twse
2754,亞洲藏壽司,tpex
2753,八方雲集,twse
2705,六福,twse
2947,振宇五金,tpex
2752,豆府,tpex
6195,詩肯,tpex
3687,歐買尬,tpex
5902,德記,tpex
5903,全家,tpex
1259,安心,tpex
2748,雲品,twse
5904,寶雅,tpex
1268,漢來美食,tpex
2745,五福,tpex
5905,南仁湖,tpex
2743,山富,tpex
2732,六角,tpex
2740,天蔥,tpex
2739,寒舍,twse
2734,易飛網,tpex
2937,集雅社,tpex
2916,滿心,tpex
9943,好樂迪,twse
5703,亞都,tpex
2729,瓦城,tpex
2736,富野,tpex
5701,劍湖山,tpex
2707,晶華,twse
2727,王品,twse
2706,第一店,twse
2719,燦星旅,tpex
2722,夏都,twse
2712,遠雄來,twse
2723,美食-KY,twse
8941,關中,tpex
8940,新天地,twse
9960,邁達康,tpex
4804,大略-KY,tpex
2726,雅茗-KY,tpex
2724,富驛-KY,tpex
2718,晶悅,tpex
8422,可寧衛,twse
6641,基士德-KY,twse
9802,鈺齊-KY,twse
1439,雋揚,twse
6671,三能-KY,twse
9930,中聯資源,twse
8464,億豐,twse
2424,隴華,twse
8462,柏文,twse
9904,寶成,twse
4536,拓凱,twse
6670,復盛應用,twse
6581,鋼聯,twse
6689,伊雲谷,twse
9935,慶豐富,twse
1598,岱宇,twse
6689,伊雲谷,twse
6165,浪凡,twse
9914,美利達,twse
3708,上緯投控,twse
3130,一零四,twse
9911,櫻花,twse
8454,富邦媒,twse
3130,一零四,twse
9910,豐泰,twse
1432,大魯閣,twse
6806,森崴能源,twse
3708,上緯投控,twse
8438,昶昕,twse
6807,峰源-KY,twse
1472,三洋實業,twse
9921,巨大,twse
1598,岱宇,twse
9924,福興,twse
5306,桂盟,twse
9934,成霖,twse
2062,橋椿,twse
8341,日友,twse
9955,佳龍,twse
8482,商億-KY,twse
2442,新美齊,twse
6768,志強-KY,twse
2442,新美齊,twse
8478,東哥遊艇,twse
8473,山林水,twse
6754,匯僑設計,twse
1736,喬山,twse
8467,波力-KY,twse
3054,立萬利,twse
1736,喬山,twse
3557,嘉威,twse
6690,安碁資訊,tpex
6803,崑鼎,tpex
6804,明係,tpex
8440,綠電,tpex
2718,晶悅,tpex
8938,明安,tpex
8928,鉅明,tpex
4609,唐鋒,tpex
4702,中美實,tpex
8423,保綠-KY,tpex
2640,大車隊,tpex
8087,華鎂鑫,tpex
6616,特昇-KY,tpex
8933,愛地雅,tpex
4530,宏易,tpex
8924,大田,tpex
1593,祺驊,tpex
8171,天宇,tpex
6811,宏碁資訊,tpex
8420,明揚,tpex
5205,中茂,tpex
6629,泰金-KY,tpex
8476,台境,tpex
6123,上奇,tpex
4154,樂威科-KY,tpex
3073,天方能源,tpex
8390,金益鼎,tpex
3713,新晶投控,tpex
6624,萬年清,tpex
3551,世禾,tpex
3178,公準,tpex
8916A,光隆甲特,tpex
3089,億杰,tpex
4129A,聯合甲特,tpex
4944,兆遠,tpex
5281,大峽谷-KY,tpex
8476,台境,tpex
00744B,國泰中國政金債5+,tpex
6404,通訊-KY,tpex
020024,兆豐富櫃200N,tpex
02002L,兆豐富櫃200正二N,tpex
6472,保瑞,tpex
4736,泰博,tpex
8418,捷必勝-KY,tpex
6446,藥華藥,tpex
4712,南璋,tpex
4578,總格精密,emerging
3627,華信科,emerging
6914,阜爾運通,emerging
6562,聯亞藥,emerging
4949,有成精密,emerging
1563,巧新,emerging
6953,家碩,emerging
6423,億而得,emerging
6928,攸泰科技,emerging
6771,平和環保,emerging
6881,潤德,emerging
6794,向榮生技,emerging
5383,金利,tpex
6865,偉康科技,tpex
3465,進泰電子,tpex
5432,新門,tpex
6198,瑞築,tpex
4419,元勝,tpex
8091,翔名,tpex
6903,巨漢,emerging
6952,大武山,emerging
6813,富動科,emerging
6951,青新,emerging
6617,共信-KY,emerging
6637,醫影,emerging
020026,兆豐上櫃ESG電菁N,tpex
3150,鈺寶,emerging
7751,竑騰,emerging
00831B,新光美債1-3,tpex
7584,樂意,emerging
6999,瀚醫生技,emerging
6838,台新藥,emerging
5233,有量,emerging
6968,萬達寵物,emerging
6958,日盛台駿,emerging
8041,東元精電,emerging
6739,竹陞科技,emerging
2751,王座,emerging
4772,台特化,emerging
6967,汎瑋材料,emerging
6923,中台,emerging
1294,漢田生技,emerging
6913,鴻呈,emerging
6919,康霈*,emerging
6514,芮特-KY,tpex
00721B,元大中國債3-5,tpex
8272,全景軟體,emerging
2646,星宇航空,emerging
6996,力領科技,emerging
8045,達運光電,emerging
6885,全福生技,emerging
6982,大井泵浦,emerging
6720,久昌,emerging
7722,LINEPAY,emerging
7712,博盛半導體,emerging
6955,邦睿生技,emerging
7708,全家餐飲,emerging
7705,三商餐飲,emerging
6997,博弘,emerging
7704,明遠精密,emerging
7703,銳澤,emerging
8420,明揚,tpex
6873,泓德能源,twse
6869,雲豹能源,twse
6757,台灣虎航-創,twse
1523,開億,twse
1601,台光,twse
1311,福聚,twse
1716,永信,twse
1230,聯成食,twse
1606,歌林,twse
4733,上緯,twse
4733,上緯,twse
8008,建興電,twse
6534,正瀚-創,twse
910069,新曄,twse
9101,福雷電,twse
9102,東亞科,twse
9103,美德醫療-DR,twse
910322,康師傅-DR,twse
9104,萬宇科,twse
910482,聖馬丁-DR,twse
9105,泰金寶-DR,twse
1107,建台,twse
910579,歐聖,twse
9106,新焦點-DR,twse
910708,恒大健-DR,twse
910801,金衛-DR,twse
910861,神州-DR,twse
910948,融達,twse
5854,合庫,twse
9110,越南控-DR,twse
911201,僑威控,twse
3534,雷凌,twse
911602,華豐泰,twse
3534,雷凌,twse
911606,超級,twse
911608,明輝-DR,twse
8008,建興電,twse
00729R,第一金工業30反1,twse
3053,鼎營,twse
3053,鼎營,twse
2494,廣業科,twse
3474,華亞科,twse
3474,華亞科,twse
2315,神達,twse
2315,神達,twse
6988,威力暘-創,twse
2258,鴻華先進-創,twse
2254,巨鎧精密-創,twse
2526,大陸,twse
6771,平和環保-創,twse
2446,全懋,twse
3080,威力盟,twse
3080,威力盟,twse
8487,愛爾達-創,twse
020002,元富新中國N,twse
020004,兆豐電菁英30N,twse
020005,永豐外資50N,twse
020006,永昌中小300N,twse
020007,凱基臺灣500N,twse
020008,元大特股高息N,twse
3063,飛信,twse
3063,飛信,twse
3061,璨圓,twse
3061,璨圓,twse
020022,元大電動車N,twse
911609,揚子江,twse
6969,成信實業*-創,twse
2446,全懋,twse
911612,滬安,twse
2833A,台壽甲,twse
3702A,大聯大甲特,twse
9922,優美,twse
3614,誠致,twse
2837,萬泰銀,twse
3614,誠致,twse
2847,大眾銀,twse
2854,寶來證,twse
2883A,開發特,twse
3638,F-IML,twse
3697,F-晨星,twse
3697,F-晨星,twse
3638,F-IML,twse
2887C,新丙特,twse
2891A,中信特,twse
3020,奇普仕,twse
1520,復盛,twse
3020,奇普仕,twse
6119,大傳,twse
6645,金萬林-創,twse
0060,新台灣,twse
6119,大傳,twse
3009,奇美電,twse
3009,奇美電,twse
3007,綠點,twse
2833,台壽保,twse
3599,旺能,twse
3599,旺能,twse
3598,奕力,twse
911616,杜康-DR,twse
911619,耀傑-DR,twse
911622,泰聚亨-DR,twse
911626,MSH-DR,twse
911868,同方友友-DR,twse
912000,晨訊科-DR,twse
6004,元京證,twse
912398,友佳-DR,twse
9136,巨騰-DR,twse
6012,金鼎證,twse
913889,大成糖,twse
9151,旺旺,twse
911611,中泰山-DR,twse
9157,陽光能源-DR,twse
916665,爾必達,twse
3573,穎台,twse
3584,介面,twse
3584,介面,twse
9188,精熙-DR,twse
9801,力霸,twse
6702,興航,twse
2807,竹商銀,twse
2827,中聯,twse
9915,億豐,twse
2831,中華銀,twse
3598,奕力,twse
3573,穎台,twse
911610,聯環,twse
2463,研揚,twse
2469,力信,twse
3367,英華達,twse
3367,英華達,twse
00866,新光Shiller CAPE,twse
2350,環電,twse
8199,廣鎵,twse
2350,環電,twse
8199,廣鎵,twse
6951,青新-創,twse
3150,鈺寶-創,twse
6949,沛爾生醫-創,twse
2361,鴻友,twse
2391,合勤,twse
2361,鴻友,twse
2418,雅新,twse
6286,立錡,twse
2411,飛瑞,twse
2396,精碟,twse
2411,飛瑞,twse
6902,GOGOLOOK-創,twse
2396,精碟,twse
8162,微矽電子-創,twse
2473,思源,twse
6286,立錡,twse
2473,思源,twse
3142,遠茂,twse
2403,友尚,twse
2403,友尚,twse
6255,奈普,twse
6255,奈普,twse
3271,其樂達,twse
6794,向榮生技-創,twse
6924,榮惠-KY創,twse
3271,其樂達,twse
3214,元砷,twse
2341,英群,twse
5280,F-敦泰,twse
0080,恒中國,twse
00906,大華元宇宙科技50,twse
5280,F-敦泰,twse
2452,乾坤,twse
6423,億而得-創,twse
8078,華寶,twse
2452,乾坤,twse
2479,和立,twse
0081,恒香港,twse
2341,英群,twse
2336,致伸,twse
2432,倚天酷碁-創,twse
6280,崇貿,twse
2336,致伸,twse
6854,錼創科技-KY創,twse
2469,力信,twse
2463,研揚,twse
2447,鼎新,twse
2381,華宇,twse
2384,勝華,twse
2494,廣業科,twse
8078,華寶,twse
2384,勝華,twse
2391,合勤,twse
2381,華宇,twse
2447,鼎新,twse
6457,紘康,tpex
00959B,大華投等美債15Y+,tpex
00687B,國泰20年美債,tpex
00967B,元大優息美債,tpex
00857B,永豐20年美公債,tpex
00966B,統一ESG投等債15+,tpex
00859B,群益0-1年美債,tpex
00856B,永豐1-3年美公債,tpex
00858,永豐美國500大,tpex
00958B,永豐ESG銀行債15+,tpex
00793B,群益AAA-A醫療債,tpex
00957B,兆豐US優選投等債,tpex
006201,元大富櫃50,tpex
00890B,凱基ESG BBB債15+,tpex
00888,永豐台灣ESG,tpex
00887,永豐中國科技50大,tpex
00886,永豐美國科技,tpex
00928,中信上櫃ESG 30,tpex
00884B,中信低碳新興債,tpex
00883B,中信ESG投資級債,tpex
00931B,統一美債20年,tpex
00933B,國泰10Y+金融債,tpex
00860B,群益1-5Y投資級債,tpex
00877,復華中國5G,tpex
00937B,群益ESG投等債20+,tpex
00867B,新光A-BBB電信債,tpex
00864B,中信美國公債0-1,tpex
00942B,台新美A公司債20+,tpex
00863B,中信全球電信債,tpex
00948B,中信優息投資級債,tpex
00950B,凱基A級公司債,tpex
00862B,中信投資級公司債,tpex
00955,中信日本商社,tpex
00679B,元大美債20年,tpex
00870B,元大15年EM主權債,tpex
00968B,元大優息投等債,tpex
00696B,富邦美債20年,tpex
00694B,富邦美債1-3,tpex
00773B,中信優先金融債,tpex
00834B,第一金金融債10+,tpex
00836B,永豐10年A公司債,tpex
00768B,復華20年美債,tpex
00840B,凱基IG精選15+,tpex
00764B,群益25年美債,tpex
00777B,凱基AAA至A公司債,tpex
00761B,國泰A級公司債,tpex
00841B,凱基AAA-AA公司債,tpex
00842B,台新美元銀行債,tpex
00759B,復華製藥債,tpex
00758B,復華能源債,tpex
00844B,新光15年IG金融債,tpex
00853B,統一美債10年Aa-A,tpex
00760B,復華新興企業債,tpex
00755B,群益投資級公用債,tpex
00778B,凱基金融債20+,tpex
00780B,國泰A級金融債,tpex
00792B,群益A級公司債,tpex
00794B,群益7+中國政金債,tpex
00795B,中信美國公債20年,tpex
00791B,復華信用債1-5,tpex
00799B,國泰A級醫療債,tpex
00790B,復華次順位金融債,tpex
00779B,凱基美債25+,tpex
00789B,復華公司債A3,tpex
00787B,元大10年IG醫療債,tpex
00786B,元大10年IG銀行債,tpex
00785B,富邦金融投等債,tpex
00784B,富邦中國投等債,tpex
00782B,國泰A級公用債,tpex
00781B,國泰A級科技債,tpex
00788B,元大10年IG電能債,tpex
00754B,群益AAA-AA公司債,tpex
00756B,群益投等新興公債,tpex
00772B,中信高評級公司債,tpex
00724B,群益投資級金融債,tpex
00725B,國泰投資級公司債,tpex
00845B,富邦新興投等債,tpex
00726B,國泰新興投等債,tpex
00727B,國泰優選非投等債,tpex
00720B,元大投資級公司債,tpex
00847B,中信美國市政債,tpex
00846B,富邦歐洲銀行債,tpex
00719B,元大美債1-3,tpex
00734B,台新JPM新興債,tpex
00722B,群益投資級電信債,tpex
00741B,富邦全球非投等債,tpex
00740B,富邦全球投等債,tpex
00749B,凱基新興債10+,tpex
00969B,元大零息超長美債,tpex
00695B,富邦美債7-10,tpex
00970B,新光BBB投等債20+,tpex
00697B,元大美債7-10,tpex
00746B,富邦A級公司債,tpex
00751B,元大AAA至A公司債,tpex
00849B,中信EM主權債0-5,tpex
00848B,中信新興亞洲債,tpex
00750B,凱基科技債10+,tpex
00718B,富邦中國政策債,tpex
00723B,群益投資級科技債,tpex
7714,創泓科技,emerging
7715,裕山,emerging
7732,金興精密,emerging
6994,富威電力,emerging
6931,青松健康,emerging
4749,新應材,emerging
6495,納諾*-KY,emerging
7713,威力德生醫,emerging
7709,榮田,emerging
7734,印能科技,emerging
6872,浩宇生醫,emerging
7728,光焱科技,emerging
7631,聚賢研發,emerging
2248,華勝-KY,emerging
7736,虎山,emerging
7718,友鋮,emerging
020016,統一MSCI美科技N,twse
3467,台灣精材,emerging
020015,統一MSCI美低波N,twse
3202,樺晟,tpex
00790B,復華次順位金融債,tpex
00784B,富邦中國投等債,tpex
6936,永鴻生技,emerging
7723,築間,emerging
1716,永信,twse
6597,立誠,emerging
6626,唯數,emerging
2437,旺詮,twse
6902,GOGOLOOK-創,twse
6498,久禾光,emerging
7743,金利食安,emerging
6909,創控,emerging
7642,昶瑞機電,emerging
7805,威聯通,emerging
7555,美萌,emerging
1295,生合,emerging
1585,鎧鉅,emerging
6925,意藍,emerging
6944,兆聯實業,emerging
5314,世紀*,tpex
6829,千附精密,tpex
4950,金耘國際,tpex
6240,松崗,tpex
5348,正能量智能,tpex
5443,均豪,tpex
6208,日揚,tpex
6187,萬潤,tpex
8383,千附,tpex
2724,藝舍-KY,tpex
3521,鴻翊,tpex
00925,新光標普電動車,twse
6918,愛派司,emerging
7740,熙特爾,emerging
00718B,富邦中國政策債,tpex
6287,元隆,tpex
7747,昕奇雲端,emerging
6589,台康生技,tpex
5277,葳天,emerging
020018,統一價值成長30N,twse
020019,統一特選台灣5GN,twse
7547,碩網,emerging
7721,微程式,emerging
3135,凌航,emerging
7753,星亞,emerging
4166,友霖,emerging
00794B,群益7+中國政金債,tpex
7751,竑騰,emerging
4945,陞達科技,tpex
7765,中華資安,emerging
4441,振大環球,emerging
7780,大研生醫,emerging
7610,聯友金屬,emerging
7860,得生製藥,emerging
7799,禾榮科,emerging
7750,新代,emerging
2750,桃禧,emerging
4585,達明,emerging
8497,格威傳媒,twse
6971,惠民實業,emerging
7738,東聯互動,emerging
6794,向榮生技-創,twse
7788,松川精密,emerging
7757,金色三麥,emerging
7716,昱臺國際,emerging
7782,光速火箭,emerging
7791,皇家可口,emerging
7730,暉盛,emerging
6699,奇邑,emerging
2888A,新光金甲特,twse
2888B,新光金乙特,twse
2897A,王道銀甲特,twse
3158,嘉實,emerging
7786,東方風能,emerging
7711,永擎,emerging
6831,邁科,emerging
6474,華豫寧,emerging
6614,資拓宏宇,emerging
7744,崴寶,emerging
7769,鴻勁,emerging
6747,亨泰光,tpex
02001S,策元大加權策略N,twse
020023,元大櫃買半導體N,tpex
6730,常廣,emerging
7767,仁大資訊,emerging
7770,君曜,emerging
6910,德鴻,emerging
6884,海柏特,emerging
6288,聯嘉,twse
8102,傑霖科技,emerging
7777,能率亞洲,emerging
7805,威聯通,emerging
1613,台一,twse
6272,驊陞,emerging
7810,捷創科技,emerging
6620,漢達,emerging
6764,亞洲教育,emerging
02001B,統一美國政府債N,tpex
6725,矽科宏晟,emerging
6403,群登,emerging
3559,全智科,twse
3315,宣昶,twse
6722,輝創,emerging
7795,長廣,emerging
7893,睿信,emerging
6961,旅天下,emerging
1623,大東電,emerging
6423,億而得-創,twse
6423,億而得-創,twse
6423,億而得-創,twse
7792,安葆,emerging
4590,富田,emerging
6934,心誠鎂,emerging
5547,久舜,emerging
7811,民盛,emerging
6908,宏碁遊戲,emerging
2072,世紀風電,emerging
7822,倍利科,emerging
6028,公勝保經,emerging
3616,泓辰,emerging
4169,泰宗,emerging
4132,國鼎,emerging
4773,高福,emerging
6652,雅祥生醫,emerging
4804,大略-KY,tpex
7794,宏碁智新,emerging
7821,神數,emerging
1729,必翔,twse
7828,創新服務,emerging
7820,立盈,emerging
7760,享溫馨,emerging
1715,萬洲,twse
4178,永笙-KY,emerging
3485,敘豐,emerging
3315,宣昶,twse
3559,全智科,twse
7772,耀穎,emerging
7768,頌勝科技,emerging
00883B,中信ESG投資級債,tpex
7842,天能綠電,emerging
4195,基米,emerging
7818,溢泰實業,emerging
7803,雲象科技,emerging
4582,聚恆,emerging
4987,科誠,tpex
6983,華洋精機,emerging
7907,錸恩帕斯,emerging
02001R,富邦蘋果反一N,twse
7819,精誠金融,emerging
2437,旺詮,twse
7827,漢康-KY,emerging
2601,益航,twse
7920,瀚陽*,emerging
1469,理隆,twse
6163,華電網,tpex
8932,智通*,tpex
6236,中湛,tpex
1729,必翔,twse
3067,全域,tpex
4905,台聯電,tpex
6125,廣運,tpex
2230,泰茂,tpex
1595,川寶,tpex
4924,欣厚-KY,tpex
3313,斐成,tpex
7718,友鋮,tpex
3131,弘塑,tpex
5381,光譜,tpex
3426,台興,tpex
6945,圓祥生技,emerging
00732,國泰RMB短期報酬,twse
00767,FH美國金融股,twse
00742,新光內需收益,twse
00743,國泰中國A150,twse
00766L,台新MSCI中國正2,twse
00774B,新光中國政金綠債,twse
00774C,新光中政金綠債+R,twse
00776,新光ICE美國權值,twse
4984,科納-KY,twse
3682,亞太電,twse
7839,達人網,emerging
3514,昱晶,twse
2475,華映,twse
2499,東貝,twse
6131,鈞泰,twse
5259,奕智博,twse
3383,新世紀,twse
6289,華上,twse
3698,隆達,twse
2448,晶電,twse
3561,昇陽光電,twse
3454,晶睿,twse
1780,立弘,emerging
6806,森崴能源,twse
1592,英瑞-KY,twse
6986,和迅,emerging
00716R,華頓S&P布蘭特反1,twse
00705R,台新MSCI台灣反1,twse
00691R,兆豐藍籌30反1,twse
00704L,台新MSCI台灣正2,twse
00698L,元大美債7-10正2,twse
00699R,元大美債7-10反1,twse
4725,信昌化,twse
3519,綠能,twse
7931,續升綠能,emerging
3536,誠創,twse
1704,榮化,twse
2311,日月光,twse
3579,尚志,twse
5305,敦南,twse
2325,矽品,twse
1724,台硝,twse
5264,鎧勝-KY,twse
6172,互億,twse
1262,綠悅-KY,twse
8427,基勝-KY,twse
2856,元富證,twse
2888,新光金,twse
6145,勁永,twse
3036A,文曄甲特,twse
2809,京城銀,twse
2823,中壽,twse
1507,永大,twse
1589,永冠-KY,twse
3036A,文曄甲特,twse
4141,龍燈-KY,twse
6452,康友-KY,twse
3702A,大聯大甲特,twse
4144,康聯-KY,twse
1701,中化,twse
1704,榮化,twse
4725,信昌化,twse
4141,龍燈-KY,twse
6452,康友-KY,twse
1724,台硝,twse
4144,康聯-KY,twse
1701,中化,twse
6251,定穎,twse
6422,君耀-KY,twse
2456,奇力新,twse
8480,泰昇-KY,twse
2358,廷鑫,twse
2443,昶虹,twse
0059,富邦金融,twse
0058,富邦發達,twse
0054,元大台商50,twse
2936,客思達-KY,twse
00672L,元大S&P原油正2,twse
00677U,期富邦VIX,twse
008201,BP上證50,twse
00649,FH香港,twse
00658L,國泰日本正2,twse
00659R,國泰日本反1,twse
00667,元大韓國,twse
1902,台紙,twse
2841,台開,twse
5259,奕智博,twse
2475,華映,twse
2499,東貝,twse
2456,奇力新,twse
2448,晶電,twse
6422,君耀-KY,twse
2325,矽品,twse
6289,華上,twse
2311,日月光,twse
4984,科納-KY,twse
3383,新世紀,twse
6251,定穎,twse
3454,晶睿,twse
5305,敦南,twse
5264,鎧勝-KY,twse
3682,亞太電,twse
6145,勁永,twse
3561,昇陽光電,twse
3536,誠創,twse
3698,隆達,twse
6172,互億,twse
3519,綠能,twse
3579,尚志,twse
6131,鈞泰,twse
3514,昱晶,twse
7814,海昌生技,emerging
5236,凌陽創新,tpex
020027,元大上櫃ESG成長N,tpex
6883,微電能源,emerging
6947,台鎔科技,emerging
4130,健亞,tpex
7689,大鵬科CLMX,emerging
7575,安美得,emerging
4546,長亨,emerging
2237,華德動能,emerging
7855,和運租車,emerging
2867,三商壽,twse
5371,中光電,tpex
7834,來毅數位,emerging
6949,沛爾生醫-創,twse
6949,沛爾生醫-創,twse
6949,沛爾生醫-創,twse
1563,巧新,twse
3054,立萬利,twse
6461,益得,tpex
4150,優你康,emerging
6129,普誠,tpex
5222,全訊,twse
6115,鎰勝,twse
5223,安力-KY,tpex
5225,東科-KY,twse
6512,啟發電,tpex
6510,精測,tpex
6515,穎崴,twse
6114,久威,tpex
5230,雷笛克光學,tpex
5225,東科-KY,twse
6113,亞矽,tpex
6508,惠光,tpex
6499,益安,tpex
5227,立凱-KY,tpex
6506,雙邦,tpex
5228,鈺鎧,tpex
6155,鈞寶,twse
6504,南六,twse
6155,鈞寶,twse
6156,松上,tpex
6505,台塑化,twse
6509,聚和,tpex
6158,禾昌,tpex
6518,康科特,emerging
6154,順發,tpex
5212,凌網,tpex
5211,蒙恬,tpex
5210,寶碩,tpex
5209,新鼎,tpex
5206,坤悅,tpex
5205,中茂,tpex
6531,愛普*,twse
6152,百一,twse
6151,晉倫,tpex
6150,撼訊,tpex
5203,訊連,twse
6532,瑞耘,tpex
5202,力新,tpex
6533,晶心科,twse
5203,訊連,twse
6152,百一,twse
6153,嘉聯益,twse
6531,愛普*,twse
5220,萬達光電,tpex
6515,穎崴,twse
5215,科嘉-KY,twse
6516,勤崴國際,tpex
6517,保勝光學,tpex
5215,科嘉-KY,twse
6523,達爾膚,tpex
6525,捷敏-KY,twse
5213,亞昕,tpex
6525,捷敏-KY,twse
6526,達發,twse
6153,嘉聯益,twse
6526,達發,twse
6527,明達醫,tpex
6530,創威,tpex
5222,全訊,twse
6160,欣技,tpex
6496,科懋,tpex
6498,久禾光,tpex
6166,凌華,twse
6166,凌華,twse
5258,虹堡,twse
6462,神盾,tpex
6464,台數科,twse
6465,威潤,tpex
5258,虹堡,twse
6467,泰合,emerging
5254,欣訊科技,emerging
6104,創惟,tpex
5251,天鉞電,tpex
5248,景傳,emerging
5246,勵威,emerging
6469,大樹,tpex
6108,競國,twse
6167,久正,tpex
6470,宇智,tpex
6168,宏齊,twse
6168,宏齊,twse
6171,大城地產,tpex
6446,藥華藥,twse
6449,鈺邦,twse
6449,鈺邦,twse
6451,訊芯-KY,twse
6451,訊芯-KY,twse
6035,悠遊卡,emerging
6101,寬魚國際,tpex
5267,龍翩,emerging
6103,合邦,tpex
6456,GIS-KY,twse
6170,統振,tpex
6456,GIS-KY,twse
6169,昱泉,tpex
5263,智崴,tpex
5262,立達,emerging
6613,朋億*,tpex
6165,浪凡,twse
5245,智晶,tpex
6486,互動,tpex
6488,環球晶,tpex
6112,邁達特,twse
6163,華電網,tpex
6491,晶碩,twse
6491,晶碩,twse
6492,生華科,tpex
6493,雷虎生,emerging
6494,九齊,tpex
5236,凌陽創新,twse
5236,凌陽創新,twse
6533,晶心科,twse
5234,達興材料,twse
6161,捷波,tpex
5234,達興材料,twse
6485,點序,tpex
6472,保瑞,twse
6483,原創生醫,emerging
6477,安集,twse
6472,保瑞,twse
6108,競國,twse
6473,美賣*,emerging
6164,華興,twse
5244,弘凱,twse
5244,弘凱,twse
5243,乙盛-KY,twse
6164,華興,twse
6109,亞元,tpex
6111,光聚晶電,tpex
6474,華豫寧,tpex
6477,安集,twse
6112,邁達特,twse
5243,乙盛-KY,twse
5240,建騰,emerging
6482,弘煜科,tpex
5201,凱衛,tpex
6214,精誠,twse
5016,松和,tpex
6586,醣基,emerging
6588,東典光電,tpex
6589,台康生技,twse
6120,達運,twse
6128,上福,twse
6128,上福,twse
6585,鼎基,twse
6589,台康生技,twse
4972,湯石照明,tpex
6591,動力-KY,twse
4971,IET-KY,tpex
6127,九豪,tpex
4968,立積,twse
6126,信音,tpex
6590,普鴻,tpex
6584,南俊國際,tpex
6583,友松,emerging
4973,廣穎,tpex
6573,虹揚-KY,twse
6573,虹揚-KY,twse
6574,霈方,tpex
6576,逸達,tpex
4976,佳凌,twse
6577,勁豐,tpex
6130,上亞科技,tpex
6578,達邦蛋白,tpex
6579,研揚,twse
4976,佳凌,twse
6579,研揚,twse
6580,台睿,emerging
4974,亞泰,tpex
6581,鋼聯,twse
6582,申豐,twse
6591,動力-KY,twse
6572,博錸,emerging
6592,和潤企業,twse
6592B,和潤企業乙特,twse
4960,誠美材,twse
4960,誠美材,twse
6605,帝寶,twse
6606,建德工業,twse
4958,臻鼎-KY,twse
6609,瀧澤科,tpex
4961,天鈺,twse
4958,臻鼎-KY,twse
6123,上奇,tpex
6610,安成生技,emerging
6612,奈米醫材,tpex
4956,光鋐,twse
4953,緯致,tpex
4952,凌通,twse
4956,光鋐,twse
6604,儒億,emerging
6121,新普,tpex
6603,富強鑫,tpex
6593,台灣銘板,tpex
4968,立積,twse
4967,十銓,twse
6595,光禹國際,emerging
6596,寬宏藝術,tpex
6125,廣運,tpex
6120,達運,twse
6597,立誠,tpex
6598,ABC-KY,twse
4967,十銓,twse
6598,ABC-KY,twse
6599,普達系統,emerging
4966,譜瑞-KY,tpex
4961,天鈺,twse
6124,業強,tpex
6592A,和潤企業甲特,twse
6148,驊宏資,tpex
4977,眾達-KY,twse
6569,醫揚,tpex
6541,泰福-KY,twse
5014,建錩,tpex
6542,隆中,tpex
5013,強新,tpex
6543,普惠醫工,emerging
6546,正基,tpex
6142,友勁,twse
5011,久陽,tpex
5009,榮剛,tpex
6548,長科*,tpex
6117,迎廣,twse
6549,景凱,emerging
6141,柏承,twse
6141,柏承,twse
6547,高端疫苗,tpex
6541,泰福-KY,twse
6142,友勁,twse
6539,麗彤,emerging
6115,鎰勝,twse
6534,正瀚-創,twse
6116,彩晶,twse
6147,頎邦,tpex
5015,華祺,tpex
6146,耕興,tpex
6534,正瀚-創,twse
6144,得利影,tpex
6534,正瀚-創,twse
6143,振曜,tpex
6535,順藥,tpex
6116,彩晶,twse
6536,碩豐,emerging
6117,迎廣,twse
6538,倉和,tpex
5007,三星,twse
6570,維田,tpex
6118,建達,tpex
4999,鑫禾,twse
4989,榮科,twse
6136,富爾特,twse
6134,萬旭,tpex
6560,欣普羅,tpex
6133,金橋,twse
6561,是方,tpex
4989,榮科,twse
4980,佐臻,emerging
6563,映智,emerging
6133,金橋,twse
6564,安特羅,emerging
4977,眾達-KY,twse
6565,物聯,emerging
6568,宏觀,tpex
4979,華星光,tpex
4991,環宇-KY,tpex
6136,富爾特,twse
6138,茂達,tpex
6550,北極星藥業-KY,twse
4999,鑫禾,twse
6550,北極星藥業-KY,twse
4995,晶達,tpex
6552,易華電,twse
4994,傳奇,twse
6552,易華電,twse
6555,榮炭,emerging
6556,勝品,tpex
6558,興能高,twse
6558,興能高,twse
6559,研晶,emerging
4994,傳奇,twse
6139,亞翔,twse
6139,亞翔,twse
6140,訊達,tpex
5269,祥碩,twse
5272,笙科,tpex
6028,公勝保經,tpex
6197,佳必琪,twse
6236,中湛,tpex
5474,聰泰,tpex
6237,驊訊,tpex
5471,松翰,twse
6239,力成,twse
5475,德宏,tpex
5471,松翰,twse
6239,力成,twse
6197,佳必琪,twse
5469,瀚宇博,twse
5468,凱鈺,tpex
5465,富驊,tpex
5464,霖宏,tpex
5469,瀚宇博,twse
5478,智冠,tpex
5863,瑞興銀,emerging
6235,華孚,twse
6229,研通,tpex
6230,尼得科超眾,twse
5488,松普,tpex
6199,天品,tpex
5487,通泰,tpex
6198,瑞築,tpex
6230,尼得科超眾,twse
6231,系微,tpex
5484,慧友,twse
5484,慧友,twse
5483,中美晶,tpex
6233,旺玖,tpex
6234,高僑,tpex
5481,新華,tpex
6235,華孚,twse
6240,松崗,tpex
5489,彩富,tpex
6241,鑫永洋,tpex
5864,致和證,tpex
5902,德記,tpex
6257,矽格,twse
6257,矽格,twse
6259,百徽,tpex
5439,高技,tpex
6261,久元,tpex
5880,合庫金,twse
6263,普萊德,tpex
5438,東友,tpex
6265,方土昶,tpex
6195,詩肯,tpex
5434,崇越,twse
6266,泰詠,tpex
6194,育富,tpex
6264,富裔,tpex
5878,台名,tpex
5443,均豪,tpex
6196,帆宣,twse
6242,立康,tpex
6243,迅杰,twse
5871,中租-KY,twse
6243,迅杰,twse
5871A,中租-KY甲特,twse
5876,上海商銀,twse
6244,茂迪,tpex
6245,立端,tpex
6246,臺龍,tpex
5457,宣德,tpex
5455,昇益,tpex
5452,佶優,tpex
6248,沛波,tpex
5450,南良,tpex
6196,帆宣,twse
5460,同協,tpex
5490,同亨,tpex
6201,亞弘電,twse
6228,全譜,tpex
6207,雷科,tpex
6206,飛捷,twse
5704,老爺知,tpex
5546,永固-KY,twse
5543,桓鼎-KY,tpex
5538,東明-KY,twse
6208,日揚,tpex
5536,聖暉*,tpex
5533,皇鼎,twse
5531,鄉林,twse
5530,龍巖,tpex
5529,鉅陞,tpex
5525,順天,twse
5706,鳳凰,twse
5534,長虹,twse
6209,今國光,twse
6209,今國光,twse
5547,久舜,tpex
6215,和椿,twse
6215,和椿,twse
6213,聯茂,twse
5701,劍湖山,tpex
5609,中菲行,tpex
5608,四維航,twse
6213,聯茂,twse
5607,遠雄港,twse
6212,理銘,tpex
5703,亞都,tpex
5604,中連,tpex
5603,陸海,tpex
6210,慶生,tpex
5601,台聯櫃,tpex
5548,安倉,tpex
5523,豐謙,tpex
5522,遠雄,twse
5521,工信,twse
6216,居易,twse
6224,聚鼎,twse
5512,力麒,tpex
5511,德昌,tpex
6225,天瀚,twse
5859,遠壽,emerging
6225,天瀚,twse
5508,永信建,tpex
6226,光鼎,twse
5498,凱崴,tpex
6202,盛群,twse
6226,光鼎,twse
6227,茂綸,tpex
5493,三聯,tpex
6202,盛群,twse
6201,亞弘電,twse
6203,海韻電,tpex
6269,台郡,twse
6224,聚鼎,twse
6223,旺矽,tpex
5520,力泰,tpex
6206,飛捷,twse
6216,居易,twse
5519,隆大,twse
6217,中探針,tpex
5516,雙喜,tpex
6218,豪勉,tpex
6219,富旺,tpex
5515,建國,twse
6220,岳豐,tpex
6221,晉泰,tpex
6222,立軒,tpex
6205,詮欣,twse
6205,詮欣,twse
5514,三豐,tpex
6204,艾華,tpex
6446,藥華藥,twse
6269,台郡,twse
6270,倍微,tpex
6020,大展證,tpex
6183,關貿,twse
6182,合晶,tpex
6021,美好證,tpex
6023,元大期,tpex
5301,寶得利,tpex
6419,京晨科,tpex
5299,杰力,tpex
6180,橘子,tpex
6179,亞通,tpex
6425,易發,tpex
5297,廣化,emerging
5292,華懋,twse
5291,邑昇,tpex
6423,億而得,tpex
6418,詠昇,tpex
6417,韋僑,tpex
5302,太欣,tpex
6412,群電,twse
6414,樺漢,twse
6015,宏遠證,tpex
5314,世紀*,tpex
6414,樺漢,twse
5312,寶島科,tpex
5310,天剛,tpex
6415,矽力*-KY,twse
6415,矽力*-KY,twse
5309,系統電,tpex
5306,桂盟,twse
6183,關貿,twse
6416,瑞祺電通,twse
6416,瑞祺電通,twse
6016,康和證,tpex
6177,達麗,twse
6412,群電,twse
5289,宜鼎,tpex
5287,數字,tpex
6174,安碁,tpex
6438,迅得,twse
5276,達輝-KY,tpex
5274,信驊,tpex
6438,迅得,twse
6441,廣錠,tpex
6175,立敦,tpex
6442,光聖,twse
6442,光聖,twse
5271,紘通,emerging
6443,元晶,twse
6443,元晶,twse
6173,信昌電,tpex
5269,祥碩,twse
6214,精誠,twse
6435,大中,tpex
6434,達輝光電,emerging
6432,今展科,tpex
5285,界霖,twse
5285,界霖,twse
5284,jpp-KY,twse
6024,群益期,twse
6026,福邦證,tpex
6426,統新,twse
6426,統新,twse
6428,台灣淘米,emerging
5283,禾聯碩,twse
6027,德信,emerging
6431,光麗-KY,twse
6176,瑞儀,twse
6176,瑞儀,twse
6431,光麗-KY,twse
5278,尚凡*,tpex
5288,豐祥-KY,twse
6411,晶焱,tpex
5315,光聯,tpex
5321,美而快,tpex
5392,能率,tpex
5388,中磊,twse
6278,台表科,twse
6279,胡連,tpex
5388,中磊,twse
5386,青雲,tpex
6278,台表科,twse
6281,全國電,twse
5904,寶雅*,tpex
6191,精成科,twse
5905,南仁湖,tpex
5364,力麗店,tpex
6191,精成科,twse
6281,全國電,twse
5381,光譜,tpex
6277,宏正,twse
6277,宏正,twse
6192,巨路,twse
6271,同欣電,twse
5432,新門,tpex
6271,同欣電,twse
5426,振發,tpex
5425,台半,tpex
6272,驊陞,twse
6192,巨路,twse
6272,驊陞,twse
6274,台燿,tpex
5903,全家,tpex
5410,國眾,tpex
6122,擎邦,tpex
5398,慕康生醫,tpex
6275,元山,tpex
6276,安鈦克,tpex
6190,萬泰科,tpex
6189,豐藝,twse
6282,康舒,twse
5356,協益,tpex
6290,良維,tpex
6291,沛亨,tpex
6292,迅德,tpex
6294,智基,tpex
5344,立衛,tpex
6185,幃翔,tpex
5340,建榮,tpex
5328,華容,tpex
6405,悅城,twse
6405,悅城,twse
6184,大豐電,twse
6407,相互,emerging
6409,旭隼,twse
5324,士開,tpex
6409,旭隼,twse
6186,新潤,tpex
5434,崇越,twse
6005,群益證,twse
6187,萬潤,tpex
5355,佳總,tpex
6189,豐藝,twse
6282,康舒,twse
6283,淳安,twse
6283,淳安,twse
6284,佳邦,tpex
6285,啟碁,twse
6285,啟碁,twse
5353,台林,tpex
5351,鈺創,tpex
5348,正能量智能,tpex
6188,廣明,tpex
5347,世界,tpex
5906,台南-KY,twse
5345,馥鴻,tpex
5907,大洋-KY,twse
5403,中菲,tpex
00400A,主動國泰動能高息,twse
6615,慧智,tpex
7902,宇越生醫*,emerging
7904,任開數位,emerging
7907,錸恩帕斯,emerging
7909,鈺祥,emerging
7911,阿波羅電力,emerging
7912,新聿科,emerging
7913,通寶半導體,emerging
7914,碩明綠能,emerging
7915,廌家,emerging
7917,源傑科技,emerging
7901,大大寬頻,emerging
7918,創鉅材料,emerging
7920,瀚陽*,emerging
7921,台普威,emerging
7922,源點*,emerging
7924,TLC-KY,emerging
7925,健生,emerging
7926,中華立鼎,emerging
7927,連距電機,emerging
7928,合聖科技*,emerging
7929,碩通,emerging
7930,威世波,emerging
7919,禾蒼,emerging
7899,景美,emerging
7898,乾瞻,emerging
7897,禾迅綠電,emerging
7872,登豐,emerging
7873,瑞峰,emerging
7875,安圖斯,emerging
7876,鼎晉生技,emerging
7877,海利普,emerging
7878,藥祇,emerging
7879,益材科技,emerging
7880,聖凰,emerging
7881,科明,emerging
7882,倍利創投,emerging
7883,饗賓,emerging
7885,宏羚,emerging
7886,科建,emerging
7887,宇川精材,emerging
7888,麗寶新藥,emerging
7889,騰勢,emerging
7890,明曜科技,emerging
7891,博研醫藥,emerging
7892,元鈦科,emerging
7893,睿信,emerging
7894,瀚軒,emerging
7895,元進莊,emerging
7896,喬越,emerging
7931,續升綠能,emerging
7871,安立璽榮-KY,emerging
7932,昱鐳應材,emerging
7935,安富,emerging
8045,達運光電,twse
8046,南電,twse
8046,南電,twse
8047,星雲,tpex
8048,德勝,tpex
8049,晶采,tpex
8050,廣積,tpex
8054,安國,tpex
8058,耐特,emerging
8059,凱碩,tpex
8045,達運光電,twse
8064,東捷,tpex
8067,志旭,tpex
8068,全達,tpex
8069,元太,tpex
8070,長華*,twse
8070,長華*,twse
8071,能率網通,tpex
8072,陞泰,twse
8072,陞泰,twse
8074,鉅橡,tpex
8076,伍豐,tpex
8066,來思達,tpex
8044,網家,tpex
8043,蜜望實,tpex
8042,金山電,tpex
7936,寰聖,emerging
7939,技宸,emerging
7942,東佑達,emerging
7943,鴻璟科技,emerging
7944,睿禾金碳,emerging
7945,廣盛科技,emerging
8011,台通,twse
8011,台通,twse
8016,矽創,twse
8016,矽創,twse
8021,尖點,twse
8021,尖點,twse
8024,佑華,tpex
8027,鈦昇,tpex
8028,昇陽半導體,twse
8028,昇陽半導體,twse
8032,光菱,tpex
8033,雷虎,twse
8034,榮群,tpex
8038,長園科,tpex
8039,台虹,twse
8039,台虹,twse
8040,九暘,tpex
7933,威旭,emerging
7870,聯剛科技,emerging
7869,宏于電機,emerging
7868,聖育,emerging
7786,東方風能,twse
7788,松川精密,twse
7788,松川精密,twse
7789,開展,emerging
7790,思必瑞特,emerging
7791,皇家可口,twse
7792,安葆,tpex
7794,宏碁智新,tpex
7795,長廣,twse
7795,長廣,twse
7785,北祥科服,emerging
7796,擷發科,emerging
7798,將捷,emerging
7799,禾榮科,twse
7799,禾榮科,twse
7801,華芸科技,emerging
7803,雲象科技-創,twse
7803,雲象科技-創,twse
7803,雲象科技-創,twse
7805,威聯通,tpex
7806,精華生醫,emerging
7808,訊聯智藥,emerging
7797,Q Burger,emerging
7784,安邦生技*,emerging
7783,佳運,emerging
7782,光速火箭,tpex
7757,金色三麥,tpex
7758,睿騰能源,emerging
7759,視航生醫,emerging
7760,享溫馨,twse
7761,三大未來,emerging
7762,吉晟生,emerging
7763,崇舜,emerging
7764,聖州,emerging
7765,中華資安,twse
7767,仁大資訊,tpex
7768,頌勝科技,twse
7768,頌勝科技,twse
7769,鴻勁,twse
7769,鴻勁,twse
7770,君曜,tpex
7771,綠基,emerging
7772,耀穎,tpex
7773,富禾生醫,emerging
7776,奧孟亞,emerging
7777,能率亞洲,tpex
7779,鍇睿國際,emerging
7780,大研生醫*,twse
7781,昕力資*,emerging
7810,捷創科技,tpex
7811,民盛,tpex
7812,稜研科技*,emerging
7813,宇辰系統,emerging
7840,祥圃,emerging
7841,經貿聯網,emerging
7842,天能綠電,tpex
7843,英柏得,emerging
7846,德揚,emerging
7847,豊漁,emerging
7848,騏億鑫,emerging
7849,旭誼,emerging
7850,寶泰生醫,emerging
7851,慧康生技*-KY,emerging
7853,政美應用,emerging
7854,佐茂,emerging
7855,和運租車,twse
7856,漢測,emerging
7857,合水先進,emerging
7858,芝普,emerging
7860,得生製藥,emerging
7861,貝爾威勒,emerging
7862,聚泰,emerging
7863,中科物流,emerging
7865,金聯成,emerging
7866,丹立,emerging
7867,特力屋,emerging
7839,達人網,tpex
8077,洛碁,tpex
7837,啟新生,emerging
7835,永悅健康-創,twse
7814,海昌生技,tpex
7815,新特,emerging
7816,來穎,emerging
7818,溢泰實業,twse
7819,精誠金融,tpex
7820,立盈,tpex
7821,神數,twse
7822,倍利科,twse
7822,倍利科,twse
7823,奧義賽博-KY創,twse
7823,奧義賽博-KY創,twse
7824,智寶,emerging
7825,和亞智慧,emerging
7826,極風雲創,emerging
7827,漢康-KY創,twse
7827,漢康-KY創,twse
7827,漢康-KY創,twse
7828,創新服務,tpex
7829,思捷優達-KY,emerging
7831,捷博,emerging
7832,智新生技*,emerging
7833,綠岩能源,emerging
7835,永悅健康-創,twse
7836,智生活,emerging
8080,泰霖,tpex
8081,致新,twse
8081,致新,twse
8487,愛爾達-創,twse
8488,吉源-KY,twse
8489,三貝德,tpex
8499,鼎炫-KY,twse
8499,鼎炫-KY,twse
8905,裕國,tpex
8906,花王,tpex
8908,欣雄,tpex
8916,光隆,tpex
8917,欣泰,tpex
8487,愛爾達-創,twse
8921,沈氏,tpex
8924,大田,tpex
8926,台汽電,twse
8927,北基,tpex
8928,鉅明,tpex
8929,富堡,tpex
8930,青鋼,tpex
8931,大汽電,tpex
8932,智通*,tpex
8933,愛地雅,tpex
8935,邦泰,tpex
8923,時報,tpex
8482,商億-KY,twse
8481,政伸,twse
8478,東哥遊艇,twse
8433,弘帆,tpex
8435,鉅邁,tpex
8436,大江,tpex
8437,大地-KY,tpex
8438,昶昕,twse
8440,綠電,tpex
8442,威宏-KY,twse
8443,阿瘦,twse
8444,綠河-KY,tpex
8446,華研,tpex
8450,霹靂,tpex
8454,富邦媒,twse
8455,大拓-KY,tpex
8458,影一,emerging
8462,柏文,twse
8463,潤泰材,twse
8464,億豐,twse
8466,美吉吉-KY,twse
8467,波力-KY,twse
8472,夠麻吉,tpex
8473,山林水,twse
8476,台境*,twse
8477,創業家,tpex
8936,國統,tpex
8937,合騏*,tpex
8938,明安,tpex
8940,新天地,twse
9931,欣高,twse
9933,中鼎,twse
9934,成霖,twse
9935,慶豐富,twse
9937,全國,twse
9938,百和,twse
9939,宏全,twse
9940,信義,twse
9941,裕融,twse
9941A,裕融甲特,twse
9942,茂順,twse
9943,好樂迪,twse
9944,新麗,twse
9945,潤泰新,twse
9946,三發地產,twse
9949,琉園,tpex
9950,萬國通,tpex
9951,皇田,tpex
9955,佳龍,twse
9957,燁聯,emerging
9958,世紀鋼,twse
9960,邁達康,tpex
9962,有益,tpex
9930,中聯資源,twse
8432,東生華,tpex
9929,秋雨,twse
9927,泰銘,twse
8941,關中,tpex
8942,森鉅,tpex
8996,高力,twse
8999,台灣積層,emerging
9802,鈺齊-KY,twse
9902,台火,twse
9904,寶成,twse
9905,大華,twse
9906,欣巴巴,twse
9907,統一實,twse
9908,大台北,twse
9910,豐泰,twse
9911,櫻花,twse
9912,偉聯,twse
9912,偉聯,twse
9914,美利達,twse
9917,中保科,twse
9918,欣天然,twse
9919,康那香,twse
9921,巨大,twse
9924,福興,twse
9925,新保,twse
9926,新海,twse
9928,中視,twse
7756,多那之,emerging
8431,匯鑽科,tpex
8426,紅木-KY,tpex
8111,立碁,tpex
8112,至上,twse
8112,至上,twse
8112A,至上甲特,twse
8112A,至上甲特,twse
8114,振樺電,twse
8114,振樺電,twse
8119,公信,emerging
8121,越峰,tpex
8131,福懋科,twse
8110,華東,twse
8131,福懋科,twse
8150,南茂,twse
8150,南茂,twse
8155,博智,tpex
8162,微矽電子-創,twse
8162,微矽電子-創,twse
8162,微矽電子-創,twse
8163,達方,twse
8163,達方,twse
8171,天宇,tpex
8176,智捷,tpex
8147,正淩,tpex
8110,華東,twse
8109,博大,tpex
8107,大億金茂,tpex
8083,瑞穎,tpex
8084,巨虹,tpex
8085,福華,tpex
8086,宏捷科,tpex
8087,麗升能源,tpex
8088,品安,tpex
8089,康全電訊,tpex
8091,翔名,tpex
8092,建暐,tpex
8093,保銳,tpex
8096,擎亞,tpex
8097,常珵,tpex
8098,慶康科技,emerging
8099,大世科,tpex
8101,華冠,twse
8101,華冠,twse
8102,傑霖科技,tpex
8103,瀚荃,twse
8103,瀚荃,twse
8104,錸寶,twse
8104,錸寶,twse
8105,凌巨,twse
8105,凌巨,twse
8182,加高,tpex
8183,精星,tpex
8201,無敵,twse
8201,無敵,twse
8342,益張,tpex
8345,超秦,emerging
8349,恒耀,tpex
8349A,恒耀甲特,tpex
8354,冠好,tpex
8358,金居,tpex
8359,錢櫃,emerging
8367,建新國際,twse
8374,羅昇,twse
8383,千附,tpex
8390,金益鼎,tpex
8401,白紗科,tpex
8403,盛弘,tpex
8404,百和興業-KY,twse
8409,商之器,tpex
8410,森田,tpex
8411,福貞-KY,twse
8415,大國鋼,tpex
8416,實威,tpex
8421,旭源,tpex
8422,可寧衛*,twse
8423,保綠-KY,tpex
8424,惠普,tpex
8341,日友,twse
8429,金麗-KY,twse
8329,台視,emerging
8298,威睿,emerging
8210,勤誠,twse
8210,勤誠,twse
8213,志超,twse
8213,志超,twse
8215,明基材,twse
8215,明基材,twse
8222,寶一,twse
8227,巨有科技,tpex
8234,新漢,tpex
8240,華宏,tpex
8249,菱光,twse
8249,菱光,twse
8255,朋程,tpex
8261,富鼎,twse
8261,富鼎,twse
8271,宇瞻,twse
8271,宇瞻,twse
8272,全景軟體,tpex
8277,商丞,tpex
8279,生展,tpex
8284,三竹,tpex
8289,泰藝,tpex
8291,尚茂,tpex
8299,群聯,tpex
6614,資拓宏宇,twse
7754,安基生技,emerging
7752,世紀樺欣,emerging
6785,昱展新藥,tpex
6786,芯測,emerging
6787,晶瑞光,emerging
6788,華景電,tpex
6789,采鈺,twse
6789,采鈺,twse
6790,永豐實,twse
6791,虎門科技,tpex
6792,詠業,twse
6792,詠業,twse
6784,天凱科技,emerging
6793,天力離岸,emerging
6794,向榮生技,twse
6796,晉弘,twse
6796,晉弘,twse
6797,圓點奈米,emerging
6798,展逸,emerging
6799,來頡,twse
6799,來頡,twse
6803,崑鼎,tpex
6804,明係,tpex
6805,富世達,twse
6794,向榮生技,twse
6782,視陽,twse
6782,視陽,twse
6781,AES-KY,twse
6751,智聯服務,tpex
6752,叡揚,tpex
6753,龍德造船,twse
6754,匯僑設計,twse
6755,連鋐科技,emerging
6756,威鋒電子,twse
6756,威鋒電子,twse
6757,台灣虎航,twse
6758,冠亞,emerging
6761,穩得,tpex
6762,達亞,tpex
6763,綠界科技*,tpex
6767,台微醫,tpex
6768,志強-KY,twse
6770,力積電,twse
6770,力積電,twse
6771,平和環保-創,twse
6771,平和環保-創,twse
6775,穎台科技,emerging
6776,展碁國際,twse
6776,展碁國際,twse
6780,學習王,emerging
6781,AES-KY,twse
6805,富世達,twse
6750,泰創工程,emerging
6807,峰源-KY,twse
6810,新穎生醫,emerging
6839,開陽能源,emerging
6840,東研信超,tpex
6841,長佳智能,tpex
6842,瑞宇,emerging
6843,進典,tpex
6844,諾貝兒,tpex
6846,綠茵,tpex
6847,普瑞博,emerging
6848,拉法醫,emerging
6849,奇鼎科技,emerging
6838,台新藥,twse
6850,光鼎生技,emerging
6854,錼創科技-KY創,twse
6854,錼創科技-KY創,twse
6855,數泓科,tpex
6856,鑫傳,tpex
6857,宏碁智醫,emerging
6858,愛比科技,emerging
6859,伯特光,tpex
6861,睿生光電,twse
6861,睿生光電,twse
6862,三集瑞-KY,twse
6854,錼創科技-KY創,twse
6838,台新藥,twse
6835,圓裕,twse
6835,圓裕,twse
6811,宏碁資訊,tpex
6812,梭特,emerging
6814,路迦生醫,emerging
6815,晶鑽生醫,emerging
6816,捷智商訊,emerging
6817,溫士頓,emerging
6818,連騰,emerging
6819,眾智,emerging
6820,連訊,emerging
6821,聯寶,tpex
6823,濾能,tpex
6825,和暢科技,emerging
6826,和淞,emerging
6827,巨生醫,emerging
6829,千附精密,tpex
6830,汎銓,twse
6830,汎銓,twse
6831,邁科,twse
6831,邁科,twse
6832,金鼎科,emerging
6833,太康精密,emerging
6834,天二科技,twse
6834,天二科技,twse
6808,三鼎生技,emerging
6748,亞果生醫,emerging
6744,豐技生技,emerging
6743,安普新,twse
6657,華安,twse
6658,聯策,twse
6658,聯策,twse
6659,天明製藥,emerging
6661,威健生技,tpex
6662,樂斯科,tpex
6664,群翊,tpex
6665,康聯生醫,emerging
6666,羅麗芬-KY,twse
6666,羅麗芬-KY,twse
6657,華安,twse
6667,信紘科,tpex
6668,中揚光,twse
6669,緯穎,twse
6669,緯穎,twse
6670,復盛應用,twse
6671,三能-KY,twse
6672,騰輝電子-KY,twse
6672,騰輝電子-KY,twse
6673,和詮,emerging
6674,鋐寶科技,twse
6674,鋐寶科技,twse
6668,中揚光,twse
6655,科定,twse
6654,天正國際,tpex
6651,全宇昕,tpex
6616,特昇-KY,tpex
6617,共信-KY,tpex
6618,永虹先進,emerging
6620,漢達,tpex
6621,華宇藥,emerging
6622,百聿數碼,emerging
6624,萬年清,tpex
6625,必應,twse
6629,泰金-KY,tpex
6634,欣耀,emerging
6637,醫影,tpex
6638,沅聖,emerging
6639,源大環能,emerging
6640,均華,tpex
6641,基士德-KY,twse
6642,富致,tpex
6643,M31,tpex
6645,金萬林-創,twse
6645,金萬林-創,twse
6645,金萬林-創,twse
6648,斯其大,emerging
6649,台生材,tpex
6650,帝圖,emerging
6676,祥翊,emerging
6677,瑩碩生技,emerging
6679,鈺太,tpex
6680,鑫創電子,tpex
6719,力智,twse
6719,力智,twse
6720,久昌,tpex
6721,信實,tpex
6722,輝創,twse
6722,輝創,twse
6723,傑智環境,emerging
6725,矽科宏晟,tpex
6727,亞泰金屬,tpex
6728,上洋,tpex
6729,機光科技,emerging
6730,常廣,tpex
6732,昇佳電子,tpex
6733,博晟生醫,tpex
6734,安盛生,emerging
6735,美達科技,tpex
6737,秀育,emerging
6738,鼎恒,emerging
6739,竹陞科技,tpex
6741,91APP*-KY,tpex
6742,澤米,twse
6742,澤米,twse
6743,安普新,twse
6716,應廣,tpex
6862,三集瑞-KY,twse
6715,嘉基,twse
6712,長聖,tpex
6682,華旭先進,emerging
6683,雍智科技,tpex
6684,安格,tpex
6689,伊雲谷,twse
6690,安碁資訊,tpex
6691,洋基工程,twse
6691,洋基工程,twse
6692,進能服,tpex
6693,廣閎科,tpex
6695,芯鼎,twse
6695,芯鼎,twse
6696,仁新*,emerging
6697,東捷資訊,tpex
6698,旭暉應材,twse
6698,旭暉應材,twse
6703,軒郁,tpex
6704,國璽幹細胞,emerging
6705,振躍精密,emerging
6706,惠特,twse
6706,惠特,twse
6707,富基電通,emerging
6708,天擎,tpex
6709,昱厚生技,emerging
6715,嘉基,twse
6863,永道-KY,twse
6863,永道-KY,twse
6864,元樟生技,emerging
7455,樺緯物聯,emerging
7507,環拓科技,emerging
7516,清淨海,emerging
7530,鋒魁科技,emerging
7547,碩網,tpex
7551,知識科技,emerging
7556,意德士,tpex
7558,群利科技,emerging
7561,光晟生技,emerging
7562,博來科技,emerging
7443,凡事康,emerging
7566,亞果遊艇,emerging
7583,國際海洋,emerging
7584,樂意,tpex
7590,怡和國際,emerging
7595,世基生醫,emerging
7607,通用幹細胞*,emerging
7610,聯友金屬-創,twse
7610,聯友金屬-創,twse
7631,聚賢研發-創,twse
7631,聚賢研發-創,twse
7631,聚賢研發-創,twse
7578,利百景,emerging
7427,華上生醫,emerging
7422,鴻林堂,emerging
7419,達勝,emerging
6972,博瑞達應材,emerging
6973,永立榮,emerging
6976,育世博-KY,emerging
6977,聯純,emerging
6979,勝釩,emerging
6980,鐳洋科技,emerging
6982,大井泵浦,tpex
6983,華洋精機,tpex
6984,ACpay,emerging
6986,和迅,tpex
6987,寶晶能源*,emerging
6988,威力暘-創,twse
6988,威力暘-創,twse
6990,華鉬,emerging
6992,萬勝發科技,emerging
6994,富威電力,twse
6995,野獸國,emerging
6996,力領科技,tpex
6997,博弘,tpex
6999,瀚醫生技,emerging
7402,邑錡,tpex
7415,元澄半導體,emerging
7418,香繼光,emerging
7642,昶瑞機電,tpex
7669,碩正科技,emerging
7686,捷立康,emerging
7689,大鵬科CLMX,twse
7729,仲恩生醫,emerging
7730,暉盛-創,twse
7730,暉盛-創,twse
7730,暉盛-創,twse
7731,火星生技*,emerging
7732,金興精密,twse
7734,印能科技,tpex
7735,台智雲,emerging
7736,虎山,twse
7737,凱鈿,emerging
7738,東聯互動,tpex
7740,熙特爾-創,twse
7740,熙特爾-創,twse
7742,天弘化,emerging
7743,金利食安,tpex
7744,崴寶,tpex
7745,紅陽,emerging
7747,昕奇雲端,tpex
7748,鑫囍創業,emerging
7749,意騰-KY,twse
7749,意騰-KY,twse
7750,新代,twse
7751,竑騰,tpex
7728,光焱科技,tpex
6971,惠民實業,tpex
7726,暄達,emerging
7724,諾亞克,emerging
7689,大鵬科CLMX,twse
7702,前端風電,emerging
7703,銳澤,tpex
7704,明遠精密,tpex
7705,三商餐飲,twse
7706,宏碁創達,emerging
7707,益芯科,emerging
7708,全家餐飲,tpex
7709,榮田,tpex
7710,東擎科技,emerging
7711,永擎,twse
7711,永擎,twse
7712,博盛半導體,tpex
7713,威力德生醫,tpex
7714,創泓科技,tpex
7715,裕山,tpex
7716,昱臺國際,tpex
7717,萊德光電-KY,tpex
7718,友鋮,tpex
7719,碳基,emerging
7721,微程式,twse
7722,LINEPAY,twse
7723,築間,tpex
7725,列特博,emerging
7753,星亞,tpex
6969,成信實業*-創,twse
6968,萬達寵物,tpex
6901,鑽石投資,twse
6902,GOGOLOOK,twse
6903,巨漢,tpex
6904,伯鑫,tpex
6906,現觀科,twse
6907,雅特力-KY,tpex
6908,宏碁遊戲-創,twse
6908,宏碁遊戲-創,twse
6908,宏碁遊戲-創,twse
6909,創控,twse
6899,創為精密,tpex
6909,創控,twse
6911,群運,emerging
6912,益鈞環科*,emerging
6913,鴻呈,tpex
6914,阜爾運通,twse
6915,美強光,emerging
6916,華凌,twse
6916,華凌,twse
6917,竟天,emerging
6918,愛派司,twse
6918,愛派司,twse
6910,德鴻,tpex
6898,程曦資訊,emerging
6895,宏碩系統,tpex
6894,衛司特,tpex
6865,偉康科技,tpex
6867,坦德科技,emerging
6868,采威國際,emerging
6869,雲豹能源,twse
6870,騰雲,tpex
6872,浩宇生醫,tpex
6873,泓德能源,twse
6874,倍力,tpex
6875,國邑*,tpex
6876,朗齊生醫*,emerging
6877,鏵友益,tpex
6878,歐付寶,emerging
6879,大江基因,emerging
6881,潤德,tpex
6882,甲尚,emerging
6884,海柏特,tpex
6885,全福生技,twse
6885,全福生技,twse
6886,遠東生技,emerging
6887,寶綠特-KY,twse
6890,來億-KY,twse
6891,樂迦再生,emerging
6892,台寶生醫,emerging
6919,康霈*,twse
6919,康霈*,twse
6920,恆勁科技,emerging
6921,嘉雨思-創,twse
6940,格斯科技*,emerging
6944,兆聯實業,twse
6945,圓祥生技,tpex
6946,三地能源,emerging
6947,台鎔科技,twse
6950,科科科技-KY,emerging
6951,青新-創,twse
6951,青新-創,twse
6952,大武山,twse
6953,家碩,tpex
6955,邦睿生技-創,twse
6955,邦睿生技-創,twse
6955,邦睿生技-創,twse
6957,裕慶-KY,twse
6958,日盛台駿,twse
6958A,日盛台駿甲特,twse
6959,兆捷科技,emerging
6961,旅天下,tpex
6962,奕力-KY,twse
6962,奕力-KY,twse
6963,品元,emerging
6965,中傑-KY,twse
6967,汎瑋材料,tpex
6939,啟弘生技,emerging
6969,成信實業*-創,twse
6938,藍新資訊,emerging
6937,天虹,twse
6921,嘉雨思-創,twse
6921,嘉雨思-創,twse
6922,宸曜,tpex
6923,中台,twse
6924,榮惠-KY創,twse
6924,榮惠-KY創,twse
6924,榮惠-KY創,twse
6925,意藍,tpex
6926,聖安生醫,emerging
6927,聯合聚晶,emerging
6928,攸泰科技,twse
6928,攸泰科技,twse
6929,佑全,tpex
6931,青松健康,twse
6931,青松健康,twse
6932,水星生醫*,emerging
6933,AMAX-KY,twse
6933,AMAX-KY,twse
6934,心誠鎂,twse
6934,心誠鎂,twse
6935,王子製藥,emerging
6936,永鴻生技,twse
6936,永鴻生技,twse
6937,天虹,twse
4952,凌通,twse
4161,聿新科,tpex
4950,金耘國際,tpex
1773,勝一,twse
1773,勝一,twse
1776,展宇,twse
1776,展宇,twse
1777,生泰,tpex
1780,立弘,tpex
1781,合世,tpex
1783,和康生,twse
1783,和康生,twse
1784,訊聯,tpex
1785,光洋科,tpex
1786,科妍,twse
1786,科妍,twse
1788,杏昌,tpex
1789,神隆,twse
1789,神隆,twse
1795,美時,twse
1795,美時,twse
1796,金穎生技,tpex
1799,易威,tpex
1802,台玻,twse
1805,寶徠,twse
1806,冠軍,twse
1808,潤隆,twse
1809,中釉,twse
1762,中化生,twse
1810,和成,twse
1762,中化生,twse
1760,寶齡富錦,twse
1723,中碳,twse
1723,中碳,twse
1725,元禎,twse
1725,元禎,twse
1726,永記,twse
1726,永記,twse
1727,中華化,twse
1727,中華化,twse
1730,花仙子,twse
1730,花仙子,twse
1731,美吾華,twse
1731,美吾華,twse
1732,毛寶,twse
1732,毛寶,twse
1733,五鼎,twse
1733,五鼎,twse
1734,杏輝,twse
1734,杏輝,twse
1735,日勝化,twse
1735,日勝化,twse
1736,喬山,twse
1737,臺鹽,twse
1742,台蠟,tpex
1752,南光,twse
1752,南光,twse
1760,寶齡富錦,twse
1813,寶利徠,tpex
1815,富喬,tpex
1817,凱撒衛,twse
2034,允強,twse
2035,唐榮,tpex
2038,海光,twse
2049,上銀,twse
2059,川湖,twse
2059,川湖,twse
2061,風青,tpex
2062,橋椿,twse
2063,世鎧,tpex
2064,晉椿,tpex
2065,世豐,tpex
2066,世德,tpex
2067,嘉鋼,tpex
2069,運錩,twse
2070,精湛,tpex
2071,震南鐵,emerging
2072,世紀風電,twse
2073,雄順,tpex
2101,南港,twse
2102,泰豐,twse
2103,台橡,twse
2104,國際中橡,twse
2105,正新,twse
2106,建大,twse
2107,厚生,twse
2033,佳大,twse
2032,新鋼,twse
2031,新光鋼,twse
2030,彰源,twse
1903,士紙,twse
1904,正隆,twse
1905,華紙,twse
1906,寶隆,twse
1907,永豐餘,twse
1909,榮成,twse
2002,中鋼,twse
2002A,中鋼特,twse
2006,東和鋼鐵,twse
2007,燁興,twse
2008,高興昌,twse
2009,第一銅,twse
1722,台肥,twse
2010,春源,twse
2013,中鋼構,twse
2014,中鴻,twse
2015,豐興,twse
2017,官田鋼,twse
2020,美亞,twse
2022,聚亨,twse
2023,燁輝,twse
2024,志聯,twse
2025,千興,twse
2027,大成鋼,twse
2028,威致,twse
2029,盛餘,twse
2012,春雨,twse
1722,台肥,twse
1721,三晃,twse
1721,三晃,twse
1513,中興電,twse
1514,亞力,twse
1515,力山,twse
1516,川飛,twse
1517,利奇,twse
1519,華城,twse
1521,大億,twse
1522,堤維西,twse
1522A,堤維西甲特,twse
1524,耿鼎,twse
1525,江申,twse
1526,日馳,twse
1527,鑽全,twse
1528,恩德,twse
1529,樂事綠能,twse
1530,亞崴,twse
1531,高林股,twse
1532,勤美,twse
1533,車王電,twse
1535,中宇,twse
1536,和大,twse
1537,廣隆,twse
1538,正峰,twse
1539,巨庭,twse
1540,喬福,twse
1512,瑞利,twse
1506,正道,twse
1504,東元,twse
1503,士電,twse
1449,佳和,twse
1451,年興,twse
1452,宏益,twse
1453,大將,twse
1454,台富,twse
1455,集盛,twse
1456,怡華,twse
1457,宜進,twse
1459,聯發,twse
1460,宏遠,twse
1463,強盛新,twse
1464,得力,twse
1541,錩泰,twse
1465,偉全,twse
1467,南緯,twse
1468,昶和,twse
1470,大統新創,twse
1471,首利,twse
1471,首利,twse
1472,三洋實業,twse
1473,台南,twse
1474,弘裕,twse
1475,業旺,twse
1476,儒鴻,twse
1477,聚陽,twse
1480,東盟開發,emerging
1466,聚隆,twse
2108,南帝,twse
1558,伸興,twse
1565,精華,tpex
1623,大東電,twse
1626,艾美特-KY,twse
1702,南僑,twse
1707,葡萄王,twse
1707,葡萄王,twse
1708,東鹼,twse
1708,東鹼,twse
1709,和益,twse
1709,和益,twse
1710,東聯,twse
1710,東聯,twse
1711,永光,twse
1711,永光,twse
1712,興農,twse
1712,興農,twse
1713,國化,twse
1713,國化,twse
1714,和桐,twse
1714,和桐,twse
1717,長興,twse
1717,長興,twse
1718,中纖,twse
1718,中纖,twse
1720,生達,twse
1720,生達,twse
1618,合機,twse
1617,榮星,twse
1616,億泰,twse
1615,大山,twse
1568,倉佑,twse
1569,濱川,tpex
1570,力肯,tpex
1580,新麥,tpex
1582,信錦,twse
1582,信錦,twse
1583,程泰,twse
1584,精剛,tpex
1586,和勤,tpex
1587,吉茂,twse
1590,亞德客-KY,twse
1591,駿吉-KY,tpex
1560,中砂,twse
1593,祺驊,tpex
1595,川寶,tpex
1597,直得,twse
1598,岱宇,twse
1599,宏佳騰,tpex
1603,華電,twse
1604,聲寶,twse
1605,華新,twse
1608,華榮,twse
1609,大亞,twse
1611,中電,twse
1612,宏泰,twse
1614,三洋電,twse
1594,日高,emerging
1447,力鵬,twse
2109,華豐,twse
2115,六暉-KY,twse
2392,正崴,twse
2393,億光,twse
2393,億光,twse
2395,研華,twse
2395,研華,twse
2397,友通,twse
2397,友通,twse
2399,映泰,twse
2399,映泰,twse
2401,凌陽,twse
2401,凌陽,twse
2402,毅嘉,twse
2402,毅嘉,twse
2404,漢唐,twse
2404,漢唐,twse
2405,輔信,twse
2405,輔信,twse
2406,國碩,twse
2406,國碩,twse
2408,南亞科,twse
2408,南亞科,twse
2409,友達,twse
2409,友達,twse
2412,中華電,twse
2412,中華電,twse
2392,正崴,twse
2413,環科,twse
2390,云辰,twse
2388,威盛,twse
2369,菱生,twse
2371,大同,twse
2373,震旦行,twse
2373,震旦行,twse
2374,佳能,twse
2374,佳能,twse
2375,凱美,twse
2375,凱美,twse
2376,技嘉,twse
2376,技嘉,twse
2377,微星,twse
2377,微星,twse
2379,瑞昱,twse
2379,瑞昱,twse
2380,虹光,twse
2380,虹光,twse
2382,廣達,twse
2382,廣達,twse
2383,台光電,twse
2383,台光電,twse
2385,群光,twse
2385,群光,twse
2387,精元,twse
2387,精元,twse
2388,威盛,twse
2390,云辰,twse
2413,環科,twse
2414,精技,twse
2414,精技,twse
2432,倚天酷碁-創,twse
2433,互盛電,twse
2433,互盛電,twse
2434,統懋,twse
2434,統懋,twse
2436,偉詮電,twse
2436,偉詮電,twse
2438,翔耀,twse
2438,翔耀,twse
2439,美律,twse
2439,美律,twse
2440,太空梭,twse
4951,精拓科,tpex
2441,超豐,twse
2441,超豐,twse
2442,新美齊,twse
2444,兆勁,twse
2444,兆勁,twse
2449,京元電子,twse
2449,京元電子,twse
2450,神腦,twse
2450,神腦,twse
2451,創見,twse
2451,創見,twse
2453,凌群,twse
2432,倚天酷碁-創,twse
2432,倚天酷碁-創,twse
2431,聯昌,twse
2431,聯昌,twse
2415,錩新,twse
2415,錩新,twse
2417,圓剛,twse
2417,圓剛,twse
2419,仲琦,twse
2419,仲琦,twse
2420,新巨,twse
2420,新巨,twse
2421,建準,twse
2421,建準,twse
2423,固緯,twse
2423,固緯,twse
2369,菱生,twse
2424,隴華,twse
2425,承啟,twse
2425,承啟,twse
2426,鼎元,twse
2426,鼎元,twse
2427,三商電,twse
2427,三商電,twse
2428,興勤,twse
2428,興勤,twse
2429,銘旺科,twse
2429,銘旺科,twse
2430,燦坤,twse
2430,燦坤,twse
2424,隴華,twse
2368,金像電,twse
2368,金像電,twse
2367,燿華,twse
2258,鴻華先進-創,twse
2301,光寶科,twse
2301,光寶科,twse
2302,麗正,twse
2302,麗正,twse
2303,聯電,twse
2303,聯電,twse
2305,全友,twse
2305,全友,twse
2308,台達電,twse
2308,台達電,twse
2312,金寶,twse
2312,金寶,twse
2313,華通,twse
2313,華通,twse
2314,台揚,twse
2314,台揚,twse
2316,楠梓電,twse
2316,楠梓電,twse
2317,鴻海,twse
2317,鴻海,twse
2321,東訊,twse
2321,東訊,twse
2323,中環,twse
2323,中環,twse
2258,鴻華先進-創,twse
2256,歐特明,emerging
2255,凱銳光電,emerging
2254,巨鎧精密-創,twse
2201,裕隆,twse
2204,中華,twse
2206,三陽工業,twse
2207,和泰車,twse
2208,台船,twse
2211,長榮鋼,twse
2221,大甲,tpex
2227,裕日車,twse
2228,劍麟,twse
2230,泰茂,tpex
2231,為升,twse
2233,宇隆,twse
2324,仁寶,twse
2235,謚源,tpex
2237,華德動能-創,twse
2237,華德動能-創,twse
2239,英利-KY,twse
2241,艾姆勒,twse
2243,宏旭-KY,twse
2245,詠勝昌*,emerging
2247,汎德永業,twse
2248,華勝-KY,twse
2249,湧盛,emerging
2250,IKKA-KY,twse
2252,為昇科,emerging
2254,巨鎧精密-創,twse
2236,百達-KY,twse
2114,鑫永銓,twse
2324,仁寶,twse
2327,國巨*,twse
2352,佳世達,twse
2352,佳世達,twse
2353,宏碁,twse
2353,宏碁,twse
2354,鴻準,twse
2354,鴻準,twse
2355,敬鵬,twse
2355,敬鵬,twse
2356,英業達,twse
2356,英業達,twse
2357,華碩,twse
2357,華碩,twse
2359,所羅門,twse
2359,所羅門,twse
2360,致茂,twse
2360,致茂,twse
2362,藍天,twse
2362,藍天,twse
2363,矽統,twse
2363,矽統,twse
2364,倫飛,twse
2364,倫飛,twse
2365,昆盈,twse
2365,昆盈,twse
2367,燿華,twse
2351,順德,twse
2351,順德,twse
2349,錸德,twse
2349,錸德,twse
2328,廣宇,twse
2328,廣宇,twse
2329,華泰,twse
2329,華泰,twse
2330,台積電,twse
2330,台積電,twse
2331,精英,twse
2331,精英,twse
2332,友訊,twse
2332,友訊,twse
2337,旺宏,twse
2337,旺宏,twse
2327,國巨*,twse
2338,光罩,twse
2340,台亞,twse
2340,台亞,twse
2342,茂矽,twse
2342,茂矽,twse
2344,華邦電,twse
2344,華邦電,twse
2345,智邦,twse
2345,智邦,twse
2347,聯強,twse
2347,聯強,twse
2348,海悅,twse
2348A,海悅甲特,twse
2338,光罩,twse
2453,凌群,twse
1446,宏和,twse
1444,力麗,twse
00773B,中信優先金融債,tpex
00775B,台新投等債15+,twse
00777B,凱基AAA至A公司債,tpex
00778B,凱基金融債20+,tpex
00779B,凱基美債25+,tpex
00780B,國泰A級金融債,tpex
00781B,國泰A級科技債,tpex
00782B,國泰A級公用債,tpex
00783,富邦中証500,twse
00785B,富邦金融投等債,tpex
00786B,元大10年IG銀行債,tpex
00787B,元大10年IG醫療債,tpex
00788B,元大10年IG電能債,tpex
00789B,復華公司債A3,tpex
00791B,復華信用債1-5,tpex
00792B,群益A級公司債,tpex
00793B,群益AAA-A醫療債,tpex
00795B,中信美國公債20年,tpex
00799B,國泰A級醫療債,tpex
00830,國泰費城半導體,twse
00834B,第一金金融債10+,tpex
00836B,永豐10年A公司債,tpex
00840B,凱基IG精選15+,tpex
00841B,凱基AAA-AA公司債,tpex
00842B,台新美元銀行債,tpex
00772B,中信高評級公司債,tpex
00844B,台新15年IG金融債,tpex
00771,元大US高息特別股,twse
00768B,復華20年美債,tpex
00734B,台新JPM新興債,tpex
00735,國泰臺韓科技,twse
00736,國泰新興市場,twse
00737,國泰AI機器人,twse
00738U,期元大道瓊白銀,twse
00739,元大MSCI A股,twse
00740B,富邦全球投等債,tpex
00741B,富邦全球非投等債,tpex
00746B,富邦A級公司債,tpex
00749B,凱基新興債10+,tpex
00750B,凱基科技債10+,tpex
00751B,元大AAA至A公司債,tpex
00752,中信中國50,twse
00753L,中信中國50正2,twse
00754B,群益AAA-AA公司債,tpex
00755B,群益投資級公用債,tpex
00756B,群益投等新興公債,tpex
00757,統一FANG+,twse
00758B,復華能源債,tpex
00759B,復華製藥債,tpex
00760B,復華新興企業債,tpex
00761B,國泰A級公司債,tpex
00762,元大全球AI,twse
00763U,期街口道瓊銅,twse
00764B,群益25年美債,tpex
00770,國泰北美科技,twse
00845B,富邦新興投等債,tpex
00846B,富邦歐洲銀行債,tpex
00847B,中信美國市政債,tpex
00891,中信關鍵半導體,twse
00892,富邦台灣半導體,twse
00893,國泰智能電動車,twse
00894,中信小資高價30,twse
00895,富邦未來車,twse
00896,中信綠能及電動車,twse
00897,富邦基因免疫生技,twse
00898,國泰基因免疫革命,twse
00899,FT潔淨能源,twse
00900,富邦特選高股息30,twse
00901,永豐智能車供應鏈,twse
00902,中信電池及儲能,twse
00903,富邦元宇宙,twse
00904,台新臺灣半導體30,twse
00905,FT臺灣Smart,twse
00907,永豐優息存股,twse
00908,富邦入息REITs+,twse
00909,國泰數位支付服務,twse
00910,第一金太空衛星,twse
00911,兆豐洲際半導體,twse
00912,中信臺灣智慧50,twse
00913,兆豐台灣晶圓製造,twse
00915,凱基優選高股息30,twse
00916,國泰全球品牌50,twse
00917,中信特選金融,twse
00890B,凱基ESG BBB債15+,tpex
00888,永豐台灣ESG,tpex
00887,永豐中國科技50大,tpex
00886,永豐美國科技,tpex
00848B,中信新興亞洲債,tpex
00849B,中信EM主權債0-5,tpex
00850,元大臺灣ESG永續,twse
00851,台新全球AI,twse
00852L,國泰美國道瓊正2,twse
00853B,統一美債10年Aa-A,tpex
00856B,永豐1-3年美公債,tpex
00857B,永豐20年美公債,tpex
00858,永豐美國500大,tpex
00859B,群益0-1年美債,tpex
00860B,群益1-5Y投資級債,tpex
00861,元大全球未來通訊,twse
00733,富邦臺灣中小,twse
00862B,中信投資級公司債,tpex
00864B,中信美國公債0-1,tpex
00865B,國泰US短期公債,twse
00867B,台新A-BBB電信債,tpex
00870B,元大15年EM主權債,tpex
00875,國泰網路資安,twse
00876,元大全球5G,twse
00877,復華中國5G,tpex
00878,國泰永續高股息,twse
00881,國泰台灣科技龍頭,twse
00882,中信中國高股息,twse
00884B,中信低碳新興債,tpex
00885,富邦越南,twse
00863B,中信全球電信債,tpex
00731,復華富時高息低波,twse
00730,富邦臺灣優質高息,twse
00728,第一金工業30,twse
00634R,富邦上証反1,twse
00635U,期元大S&P黃金,twse
00636,國泰中國A50,twse
00636K,國泰中國A50+U,twse
00637L,元大滬深300正2,twse
00638R,元大滬深300反1,twse
00639,富邦深100,twse
00640L,富邦日本正2,twse
00641R,富邦日本反1,twse
00642U,期元大S&P石油,twse
00643,群益深証中小,twse
00643K,群益深証中小+R,twse
00645,富邦日本,twse
00646,元大S&P500,twse
00647L,元大S&P500正2,twse
00648R,元大S&P500反1,twse
00650L,復華香港正2,twse
00651R,復華香港反1,twse
00652,富邦印度,twse
00653L,富邦印度正2,twse
00654R,富邦印度反1,twse
00655L,國泰中國A50正2,twse
00656R,國泰中國A50反1,twse
00657,國泰日經225,twse
00657K,國泰日經225+U,twse
00633L,富邦上証正2,twse
00632R,元大台灣50反1,twse
00631L,元大台灣50正2,twse
00625K,富邦上証+R,twse
00401A,主動摩根台灣鑫收,twse
00402A,主動安聯美國科技,twse
00403A,主動統一升級50,twse
00404A,主動聯博動能50,twse
00405A,主動富邦台灣龍耀,twse
00406A,主動中信台灣收益,twse
00407A,主動凱基台灣,twse
00408A,主動第一金優股息,twse
00409A,主動復華全球50,twse
00410A,主動永豐科技趨勢,twse
00411A,主動統一前沿科技,tpex
0050,元大台灣50,twse
00660,元大歐洲50,twse
0051,元大中型100,twse
0053,元大電子,twse
0055,元大MSCI金融,twse
0056,元大高股息,twse
0057,富邦摩台,twse
0061,元大寶滬深,twse
006201,元大富櫃50,tpex
006203,元大MSCI台灣,twse
006204,永豐臺灣加權,twse
006205,富邦上証,twse
006206,元大上證50,twse
006207,復華滬深,twse
006208,富邦台50,twse
0052,富邦科技,twse
00918,大華優利高填息30,twse
00661,元大日經225,twse
00663L,國泰臺灣加權正2,twse
00696B,富邦美債20年,tpex
00697B,元大美債7-10,tpex
00700,富邦恒生國企,twse
00701,國泰股利精選30,twse
00702,國泰標普低波高息,twse
00703,台新MSCI中國,twse
00706L,期元大S&P日圓正2,twse
00707R,期元大S&P日圓反1,twse
00708L,期元大S&P黃金正2,twse
00709,富邦歐洲,twse
00710B,復華彭博非投等債,twse
00711B,復華彭博新興債,twse
00712,復華富時不動產,twse
00713,元大台灣高息低波,twse
00714,群益道瓊美國地產,twse
00715L,期街口布蘭特正2,twse
00717,富邦美國特別股,twse
00719B,元大美債1-3,tpex
00720B,元大投資級公司債,tpex
00722B,群益投資級電信債,tpex
00723B,群益投資級科技債,tpex
00724B,群益投資級金融債,tpex
00725B,國泰投資級公司債,tpex
00726B,國泰新興投等債,tpex
00727B,國泰優選非投等債,tpex
00695B,富邦美債7-10,tpex
00694B,富邦美債1-3,tpex
00693U,期街口S&P黃豆,twse
00692,富邦公司治理,twse
00664R,國泰臺灣加權反1,twse
00665L,富邦恒生國企正2,twse
00666R,富邦恒生國企反1,twse
00668,國泰美國道瓊,twse
00668K,國泰美國道瓊+U,twse
00669R,國泰美國道瓊反1,twse
00670L,富邦NASDAQ正2,twse
00671R,富邦NASDAQ反1,twse
00673R,期元大S&P原油反1,twse
00674R,期元大S&P黃金反1,twse
00675L,富邦臺灣加權正2,twse
00676R,富邦臺灣加權反1,twse
00662,富邦NASDAQ,twse
00678,群益那斯達克生技,twse
00680L,元大美債20正2,twse
00681R,元大美債20反1,twse
00682U,期元大美元指數,twse
00683L,期元大美元指正2,twse
00684R,期元大美元指反1,twse
00685L,群益臺灣加權正2,twse
00686R,群益臺灣加權反1,twse
00687B,國泰20年美債,tpex
00687C,國泰20年美債+櫃U,tpex
00688L,國泰20年美債正2,twse
00689R,國泰20年美債反1,twse
00690,兆豐藍籌30,twse
00679B,元大美債20年,tpex
1445,大宇,twse
00919,群益台灣精選高息,twse
00921,兆豐龍頭等權重,twse
1103,嘉泥,twse
1104,環泥,twse
1108,幸福,twse
1109,信大,twse
1110,東泥,twse
1201,味全,twse
1203,味王,twse
1210,大成,twse
1213,大飲,twse
1215,卜蜂,twse
1216,統一,twse
1217,愛之味,twse
1218,泰山,twse
1219,福壽,twse
1220,台榮,twse
1225,福懋油,twse
1227,佳格,twse
1229,聯華,twse
1231,聯華食,twse
1232,大統益,twse
1233,天仁,twse
1234,黑松,twse
1235,興泰,twse
1236,宏亞,twse
1240,茂生農經,tpex
1102,亞泥,twse
1256,鮮活果汁-KY,twse
1101B,台泥乙特,twse
020041,兆豐半導體氣候N,tpex
00995A,主動中信台灣卓越,twse
00996A,主動兆豐台灣豐收,twse
00997A,主動群益美國增長,twse
00998A,主動復華金融股息,tpex
00999A,主動野村臺灣高息,twse
020000,富邦特選蘋果N,twse
020001,富邦存股雙十N,tpex
020011,統一微波高息20N,twse
020012,富邦行動通訊N,twse
02001L,富邦蘋果正二N,twse
020020,元大台股領航N,twse
020025,統一亞洲半導體N,tpex
020028,元大特選電動車N,twse
020029,元大ESG高股息N,twse
020030,統一智慧電動車N,twse
020031,統一IC設計臺灣N,twse
020032,元大綠能N,twse
020033,統一恒生科期N,tpex
020034,元大IC設計N,twse
020035,元大上櫃ESG高息N,tpex
020036,元大金融配息N,twse
020037,元大金融高股息N,twse
020038,元大ESG配息N,twse
020039,元大加權N,twse
020040,元大上櫃ESG龍頭N,tpex
1101,台泥,twse
1259,安心,tpex
1260,富味鄉,emerging
1264,德麥,tpex
1340,勝悅-KY,twse
1341,富林-KY,twse
1342,八貫,twse
1343,旭東環保,emerging
1402,遠東新,twse
1409,新纖,twse
1410,南染,twse
1413,宏洲,twse
1414,東和,twse
1416,廣豐,twse
1417,嘉裕,twse
1418,東華,twse
1419,新紡,twse
1423,利華,twse
1432,大魯閣,twse
1434,福懋,twse
1435,中福,twse
1436,華友聯,twse
1437,勤益控,twse
1438,三地開發,twse
1439,雋揚,twse
1440,南紡,twse
1441,大東,twse
1442,名軒,twse
1443,立益物流,twse
1339,昭輝,twse
1338,廣華-KY,twse
1337,再生-KY,twse
1336,台翰,tpex
1268,漢來美食,tpex
1269,乾杯,emerging
1271,晨暉生技,emerging
1293,利統,emerging
1294,漢田生技,tpex
1295,生合,tpex
1301,台塑,twse
1303,南亞,twse
1304,台聚,twse
1305,華夏,twse
1307,三芳,twse
1308,亞聚,twse
00994A,主動第一金台股優,twse
1309,台達化,twse
1312,國喬,twse
1312A,國喬特,twse
1313,聯成,twse
1314,中石化,twse
1315,達新,twse
1316,上曜,twse
1319,東陽,twse
1321,大洋,twse
1323,永裕,twse
1324,地球,twse
1325,恆大,twse
1326,台化,twse
1310,台苯,twse
00993A,主動安聯台灣,twse
00992A,主動群益科技創新,twse
00991B,貝萊德A級公司債,twse
00953B,群益優選非投等債,twse
00954,中信日本半導體,twse
00955,中信日本商社,tpex
00956,中信日經高股息,twse
00957B,兆豐US優選投等債,tpex
00958B,永豐ESG銀行債15+,tpex
00959B,大華投等美債15Y+,tpex
00960,野村全球航運龍頭,twse
00961,FT臺灣永續高息,twse
00962,台新AI優息動能,twse
00963,中信全球高股息,twse
00964,中信亞太高股息,twse
00965,元大航太防衛科技,twse
00966B,統一ESG投等債15+,tpex
00967B,元大優息美債,tpex
00968B,元大優息投等債,tpex
00969B,元大零息超長美債,tpex
00970B,台新BBB投等債20+,tpex
00971,野村美國研發龍頭,twse
00972,野村日本動能高息,twse
009800,中信NASDAQ,twse
009801,中信美國創新科技,twse
009802,富邦旗艦50,twse
009803,玉山市值動能50,twse
009804,聯邦台精彩50,twse
00952,凱基台灣AI50,twse
00951,台新日本半導體,twse
00950B,凱基A級公司債,tpex
00949,復華日本龍頭,twse
00922,國泰台灣領袖50,twse
00923,群益台ESG低碳50,twse
00924,復華S&P500成長,twse
00926,凱基全球菁英55,twse
00927,群益半導體收益,twse
00928,中信上櫃ESG 30,tpex
00929,復華台灣科技優息,twse
00930,永豐ESG低碳高息,twse
00931B,統一美債20年,tpex
00932,兆豐永續高息等權,twse
00933B,國泰10Y+金融債,tpex
00934,中信成長高股息,twse
009805,台新美國電力基建,twse
00935,野村臺灣新科技50,twse
00937B,群益ESG投等債20+,tpex
00938,凱基優選30,twse
00939,統一台灣高息動能,twse
00940,元大台灣價值高息,twse
00941,中信上游半導體,twse
00942B,台新美A公司債20+,tpex
00943,兆豐電子高息等權,twse
00944,野村趨勢動能高息,twse
00945B,凱基美國非投等債,twse
00946,群益科技高息成長,twse
00947,台新臺灣IC設計,twse
00948B,中信優息投資級債,tpex
00936,台新永續高息中小,twse
00920,富邦ESG綠色電力,twse
009806,台新標普500,tpex
009808,華南永昌優選50,twse
00982B,FT投資級債20+,tpex
00982D,主動富邦動態入息,twse
00982T,平衡兆豐台美動能,twse
00983A,主動中信ARK創新,twse
00983B,大華優利美公債20,tpex
00983D,主動富邦複合收益,twse
00984A,主動安聯台灣高息,twse
00984B,大華優利美A債15,tpex
00984D,主動聯博全球非投,twse
00985A,主動野村台灣50,twse
00985B,群益ESG投等債0-5,twse
00985D,主動貝萊德優投等,tpex
00986A,主動台新龍頭成長,twse
00986B,FT金融債10+,tpex
00986D,主動復華金融債息,tpex
00987A,主動台新優勢成長,twse
00987B,野村10+澳洲公債,tpex
00987D,主動統一美債量化,tpex
00988A,主動統一全球創新,twse
00988B,玉山嚴選非投債,tpex
00989A,主動摩根美國科技,twse
00989B,台新美國非投等債,tpex
00990A,主動元大AI新經濟,twse
00990B,國泰收益非投等債,tpex
00991A,主動復華未來50,twse
00982A,主動群益台灣強棒,twse
009829,大華韓國KOSPI50,twse
009828,中信台日韓PCB,twse
009827,玉山未來全球算力,twse
009809,富邦淨零ESG50,twse
00980A,主動野村臺灣優選,twse
00980B,台新特選IG債10+,tpex
00980D,主動聯博投等入息,tpex
00980T,平衡凱基美國TOP,tpex
009810,玉山全球藍籌100,twse
009811,統一美國50,twse
009812,野村日本東證,twse
009813,貝萊德標普卓越50,twse
009814,富邦標普500,tpex
009815,大華美國MAG7+,tpex
009816,凱基台灣TOP50,twse
009807,台新標普科技精選,tpex
009817,國泰日本不動產,twse
009819,中信數據及電力,twse
00981A,主動統一台股增長,twse
00981B,第一金優選非投債,tpex
00981D,主動中信非投等債,tpex
00981T,平衡凱基雙核收息,twse
009820,元大納斯達克精選,twse
009821,野村稀土關鍵資源,twse
009822,華南永昌未來金融,tpex
009823,群益S&P500,tpex
009824,群益美國科技巨頭,twse
009825,聯邦美國金融創新,tpex
009826,貝萊德世界股票,twse
009818,華南永昌NASDAQxT,twse
2454,聯發科,twse
2440,太空梭,twse
2455,全新,twse
3645,達邁,twse
3645,達邁,twse
3646,艾恩特,tpex
3652,精聯,twse
3652,精聯,twse
3653,健策,twse
3653,健策,twse
3659,百辰,emerging
3661,世芯-KY,twse
3661,世芯-KY,twse
3663,鑫科,tpex
3664,安瑞-KY,tpex
3665,貿聯-KY,twse
3665,貿聯-KY,twse
3666,光耀,tpex
3669,圓展,twse
3669,圓展,twse
3672,康聯訊,tpex
3673,TPK-KY,twse
3673,TPK-KY,twse
3675,德微,tpex
3678,聯享,emerging
3679,新至陞,twse
3679,新至陞,twse
3680,家登,tpex
3644,凌嘉科,emerging
3684,榮昌,tpex
3633,云光,emerging
3631,晟楠,tpex
3593,力銘,twse
3593,力銘,twse
3594,磐儀,tpex
3595,山太士,emerging
3596,智易,twse
3596,智易,twse
3597,映興,tpex
3603,建祥國際,emerging
3605,宏致,twse
3605,宏致,twse
3607,谷崧,twse
3607,谷崧,twse
3609,三一東林,tpex
3611,鼎翰,tpex
3615,安可,tpex
3617,碩天,twse
3617,碩天,twse
3622,洋華,twse
3622,洋華,twse
3623,富晶通,tpex
3624,光頡,tpex
3625,西勝,tpex
3628,盈正,tpex
3629,地心引力,tpex
3630,新鉅科,tpex
3632,研勤,tpex
3685,元創精密,tpex
3686,達能,twse
3686,達能,twse
3716,中化控股,twse
3716,中化控股,twse
3717,聯嘉投控,twse
3718,中光電投控,tpex
4102,永日,tpex
4104,佳醫,twse
4104,佳醫,twse
4105,東洋,tpex
4106,雃博,twse
4106,雃博,twse
4107,邦特,tpex
4108,懷特,twse
4108,懷特,twse
4109,加捷生醫,tpex
4111,濟生,tpex
4113,聯上,tpex
4114,健喬,tpex
4115,善德生技,emerging
4116,明基醫,tpex
4117,普生,emerging
4119,旭富,twse
4119,旭富,twse
4120,友華,tpex
4121,優盛,tpex
4123,晟德,tpex
3715,定穎投控,twse
3715,定穎投控,twse
3714,富采,twse
3714,富采,twse
3687,歐買尬,tpex
3689,湧德,tpex
3691,碩禾,tpex
3693,營邦,tpex
3694,海華,twse
3694,海華,twse
3701,大眾控,twse
3701,大眾控,twse
3702,大聯大,twse
3702,大聯大,twse
3703,欣陸,twse
3704,合勤控,twse
3592,瑞鼎,twse
3704,合勤控,twse
3705,永信,twse
3706,神達,twse
3706,神達,twse
3707,漢磊,tpex
3708,上緯投控,twse
3709,鑫聯大投控,tpex
3710,連展投控,tpex
3711,日月光投控,twse
3711,日月光投控,twse
3712,永崴投控,twse
3712,永崴投控,twse
3713,新晶投控,tpex
3705,永信,twse
3592,瑞鼎,twse
3591,艾笛森,twse
3591,艾笛森,twse
3450,聯鈞,twse
3450,聯鈞,twse
3455,由田,tpex
3465,進泰電子,tpex
3466,德晉,tpex
3467,台灣精材,tpex
3473,智通聯網,emerging
3479,安勤,tpex
3481,群創,twse
3481,群創,twse
3483,力致,tpex
3484,崧騰,tpex
3485,敘豐,tpex
3489,森寶,tpex
3490,單井,tpex
3491,昇達科,tpex
3492,長盛,tpex
3494,誠研,twse
3494,誠研,twse
3498,陽程,tpex
3499,環天科,tpex
3501,維熹,twse
3501,維熹,twse
3504,揚明光,twse
3504,揚明光,twse
3447,展達,twse
3447,展達,twse
3444,利機,tpex
3443,創意,twse
3374,精材,tpex
3376,新日興,twse
3376,新日興,twse
3379,彬台,tpex
3380,明泰,twse
3380,明泰,twse
3388,崇越電,tpex
3390,旭軟,tpex
3402,漢科,tpex
3406,玉晶光,twse
3406,玉晶光,twse
3413,京鼎,twse
3508,位速,tpex
3413,京鼎,twse
3416,融程電,twse
3419,譁裕,twse
3419,譁裕,twse
3430,奇鈦科,tpex
3432,台端,twse
3432,台端,twse
3434,哲固,tpex
3437,榮創,twse
3437,榮創,twse
3438,類比科,tpex
3441,聯一光,tpex
3443,創意,twse
2454,聯發科,twse
4126,太醫,tpex
3511,矽瑪,tpex
3515,華擎,twse
3548,兆利,tpex
3550,聯穎,twse
3550,聯穎,twse
3551,世禾,tpex
3552,同致,tpex
3555,博士旺,tpex
3556,禾瑞亞,tpex
3557,嘉威,twse
3558,神準,tpex
3563,牧德,twse
3563,牧德,twse
3564,其陽,tpex
3567,逸昌,tpex
3570,大塚,tpex
3576,聯合再生,twse
3576,聯合再生,twse
3577,泓格,tpex
3580,友威科,tpex
3581,博磊,tpex
3583,辛耘,twse
3583,辛耘,twse
3585,聯致,emerging
3587,閎康,tpex
3588,通嘉,twse
3588,通嘉,twse
3546,宇峻,tpex
3545,敦泰,twse
3545,敦泰,twse
3543,州巧,twse
3515,華擎,twse
3516,亞帝歐,tpex
3518,柏騰,twse
3518,柏騰,twse
3520,華盈,tpex
3521,台鋼建設,tpex
3522,御嵿,tpex
3523,迎輝,tpex
3526,凡甲,tpex
3527,聚積,tpex
3528,安馳,twse
3528,安馳,twse
3512,皇龍,tpex
3529,力旺,tpex
3530,晶相光,twse
3531,先益,tpex
3532,台勝科,twse
3532,台勝科,twse
3533,嘉澤,twse
3533,嘉澤,twse
3535,晶彩科,twse
3535,晶彩科,twse
3537,堡達,tpex
3540,曜越,tpex
3541,西柏,tpex
3543,州巧,twse
3530,晶相光,twse
3373,熱映,tpex
4127,天良,tpex
4129,聯合,tpex
4721,美琪瑪,tpex
4722,國精化,twse
4722,國精化,twse
4724,宣捷幹細胞,emerging
4726,永昕,tpex
4728,雙美,tpex
4729,熒茂,tpex
4732,彥臣,emerging
4735,豪展,tpex
4736,泰博,twse
4736,泰博,twse
4737,華廣,twse
4737,華廣,twse
4738,大同精化,emerging
4739,康普,twse
4739,康普,twse
4741,泓瀚,tpex
4743,合一,tpex
4744,皇將,tpex
4745,合富-KY,tpex
4746,台耀,twse
4746,台耀,twse
4747,強生*,tpex
4749,新應材,tpex
4754,國碳科,tpex
4720,德淵,twse
4755,三福化,twse
4720,德淵,twse
4714,永捷,tpex
4571,鈞興-KY,twse
4572,駐龍,twse
4573,高明鐵,emerging
4575,銓寶,emerging
4576,大銀微系統,twse
4577,達航科技,tpex
4580,捷流閥業,tpex
4581,光隆精密-KY,twse
4582,聚恆-創,twse
4582,聚恆-創,twse
4583,台灣精銳,twse
4584,君帆,tpex
4585,達明,twse
4585,達明,twse
4587,寶元數控,emerging
4588,玖鼎電力,twse
4588,玖鼎電力,twse
4589,碩陽電機,emerging
4590,富田-創,twse
4590,富田-創,twse
4609,唐鋒,tpex
4702,中美實,tpex
4706,大恭,tpex
4707,磐亞,tpex
4711,永純,tpex
4716,大立,tpex
4755,三福化,twse
4760,勤凱,tpex
4763,材料*-KY,twse
4916,事欣科,twse
4919,新唐,twse
4919,新唐,twse
4923,力士,tpex
4924,欣厚-KY,tpex
4925,智微,emerging
4927,泰鼎-KY,twse
4927,泰鼎-KY,twse
4930,燦星網,twse
4931,新盛力,tpex
4933,友輝,tpex
4934,太極,twse
4934,太極,twse
4935,茂林-KY,twse
4935,茂林-KY,twse
4938,和碩,twse
4938,和碩,twse
4939,亞電,tpex
4942,嘉彰,twse
4942,嘉彰,twse
4943,康控-KY,twse
4943,康控-KY,twse
4946,辣椒,tpex
4949,有成精密,twse
4949,有成精密,twse
4916,事欣科,twse
4915,致伸,twse
4915,致伸,twse
4912,聯德控股-KY,twse
4763,材料*-KY,twse
4764,雙鍵,twse
4764,雙鍵,twse
4765,磐采,emerging
4766,南寶,twse
4766,南寶,twse
4767,誠泰科技,tpex
4768,晶呈科技,tpex
4770,上品,twse
4770,上品,twse
4771,望隼,twse
4771,望隼,twse
4570,傑生,emerging
4772,台特化,tpex
4807,日成-KY,twse
4903,聯光通,tpex
4904,遠傳,twse
4904,遠傳,twse
4905,台聯電,tpex
4906,正文,twse
4906,正文,twse
4907,富宇,tpex
4908,前鼎,tpex
4909,新復興,tpex
4911,德英,tpex
4912,聯德控股-KY,twse
4806,桂田文創,tpex
4569,六方科-KY,twse
4568,科際精密,tpex
4566,時碩工業,twse
4173,久裕,tpex
4174,浩鼎,tpex
4175,杏一,tpex
4178,永笙-KY,twse
4178,永笙-KY,twse
4183,福永生技,tpex
4186,尖端醫,emerging
4188,安克,tpex
4190,佐登-KY,twse
4190,佐登-KY,twse
4192,杏國,tpex
4194,禾生技,emerging
4195,基米-創,twse
4195,基米-創,twse
4195,基米-創,twse
4197,暐世,emerging
4198,欣大健康,tpex
4205,中華食,tpex
4207,環泰,tpex
4303,信立,tpex
4304,勝昱,tpex
4305,世坤,tpex
4306,炎洲,twse
4401,東隆興,tpex
4402,郡都開發,tpex
4172,因華,emerging
4171,瑞基,tpex
4170,鑫品生醫,emerging
4169,泰宗,twse
4131,浩泰,tpex
4133,亞諾法,twse
4133,亞諾法,twse
4137,麗豐-KY,twse
4137,麗豐-KY,twse
4138,曜亞,tpex
4139,馬光-KY,tpex
4142,國光生,twse
4142,國光生,twse
4147,中裕,tpex
4148,全宇生技-KY,twse
4148,全宇生技-KY,twse
4406,新昕纖,tpex
4153,鈺緯,tpex
4155,訊映,twse
4155,訊映,twse
4157,太景*-KY,tpex
4160,訊聯基因,tpex
4162,智擎,tpex
4163,鐿鈦,tpex
4164,承業醫,twse
4164,承業醫,twse
4166,友霖,tpex
4167,松瑞藥,tpex
4168,醣聯,tpex
4169,泰宗,twse
4154,樂威科-KY,tpex
4128,中天,tpex
4413,飛寶企業,tpex
4416,三圓,tpex
4538,大詠城,tpex
4540,全球傳動,twse
4541,晟田,tpex
4542,科嶠,tpex
4543,萬在,tpex
4544,春日,emerging
4545,銘鈺,twse
4545,銘鈺,twse
4549,桓達,tpex
4550,長佳,tpex
4551,智伸科,twse
4552,力達-KY,twse
4553,盛復,emerging
4554,橙的,tpex
4555,氣立,twse
4556,旭然,tpex
4557,永新-KY,twse
4558,寶緯,tpex
4559,久裕興,emerging
4560,強信-KY,twse
4561,健椿,tpex
4562,穎漢,twse
4563,百德,tpex
4564,元翎,twse
4565,宏偉,emerging
4537,旭東,emerging
4536,拓凱,twse
4535,至興,tpex
4534,慶騰,tpex
4417,金洲,tpex
4419,皇家美食,tpex
4420,光明,tpex
4426,利勤,twse
4430,耀億,tpex
4431,敏成健康,emerging
4432,銘旺實,tpex
4433,興采,tpex
4438,廣越,twse
4439,冠星-KY,twse
4440,宜新實業,twse
4441,振大環球,twse
4414,如興,twse
4442,竣邦-KY,tpex
4503,金雨,tpex
4506,崇友,tpex
4510,高鋒,tpex
4513,福裕,tpex
4523,永彰,tpex
4526,東台,twse
4527,方土霖,tpex
4528,江興鍛,tpex
4529,淳紳,tpex
4530,天意能創,tpex
4532,瑞智,twse
4533,協易機,tpex
4502,健信,tpex
3372,典範,tpex
3416,融程電,twse
3362,先進光,tpex
2748,雲品,twse
2751,王座,tpex
2752,豆府,tpex
2753,八方雲集,twse
2754,亞洲藏壽司,tpex
2755,揚秦,tpex
2756,聯發國際,tpex
2758,路易莎咖啡,emerging
2760,巨宇翔,emerging
2761,橘焱胡同,emerging
2762,世界健身-KY,twse
2801,彰銀,twse
2812,台中銀,twse
2816,旺旺保,twse
2820,華票,twse
2832,台產,twse
2834,臺企銀,twse
2836,高雄銀,twse
2836A,高雄銀甲特,twse
2838,聯邦銀,twse
2838A,聯邦銀甲特,twse
2845,遠東銀,twse
2849,安泰銀,twse
2850,新產,twse
2851,中再保,twse
2745,五福,tpex
2852,第一保,twse
2743,山富,tpex
2740,華軒,tpex
2643,捷迅,tpex
2644,中信造船,emerging
2645,長榮航太,twse
2646,星宇航空,twse
2701,萬企,twse
2702,華園,twse
2704,國賓,twse
2705,六福,twse
2706,第一店,twse
2707,晶華,twse
2712,遠雄來,twse
2718,全心投控,tpex
2719,燦星旅,tpex
2722,夏都,twse
2723,美食-KY,twse
2724,藝舍-KY,tpex
2726,雅茗-KY,tpex
2727,王品,twse
2729,瓦城,tpex
2731,雄獅,twse
2732,六角,tpex
2733,維格餅家,emerging
2734,易飛網,tpex
2736,富野,tpex
2739,寒舍,twse
2741,老四川,emerging
2855,統一證,twse
2880,華南金,twse
2881,富邦金,twse
2906,高林,twse
2908,特力,twse
2910,統領,twse
2911,麗嬰房,twse
2912,統一超,twse
2913,農林,twse
2915,潤泰全,twse
2916,滿心,tpex
2923,鼎固-KY,twse
2924,宏太-KY,tpex
2926,誠品生活,tpex
3363,上詮,tpex
2937,集雅社,tpex
2938,床的世界,emerging
2939,永邑-KY,twse
2940,歐都納,emerging
2941,米斯特,tpex
2942,京站,emerging
2945,三商家購,twse
2947,振宇五金,tpex
2948,寶陞,tpex
2949,欣新網,tpex
3002,歐格,twse
3002,歐格,twse
3003,健和興,twse
2905,三商,twse
2904,匯僑,twse
2903,遠百,twse
2901,欣欣,twse
2881A,富邦特,twse
2881B,富邦金乙特,twse
2881C,富邦金丙特,twse
2882,國泰金,twse
2882A,國泰特,twse
2882B,國泰金乙特,twse
2883,凱基金,twse
2883B,凱基金乙特,twse
2884,玉山金,twse
2885,元大金,twse
2886,兆豐金,twse
2887,台新新光金,twse
2642,宅配通,twse
2887E,台新新光戊特一,twse
2887G,台新新光庚特一,twse
2887H,台新新光庚特二,twse
2887I,台新新光辛特,twse
2887Z1,台新新光己特,twse
2889,國票金,twse
2890,永豐金,twse
2891,中信金,twse
2891B,中信金乙特,twse
2891C,中信金丙特,twse
2892,第一金,twse
2897,王道銀行,twse
2897B,王道銀乙特,twse
2887F,台新新光戊特二,twse
2641,正德,tpex
2640,大車隊,tpex
2637,慧洋-KY,twse
2476,鉅祥,twse
2477,美隆電,twse
2477,美隆電,twse
2478,大毅,twse
2478,大毅,twse
2480,敦陽科,twse
2480,敦陽科,twse
2481,強茂,twse
2481,強茂,twse
2482,連宇,twse
2482,連宇,twse
2483,百容,twse
2483,百容,twse
2484,希華,twse
2484,希華,twse
2485,兆赫,twse
2485,兆赫,twse
2486,一詮,twse
2486,一詮,twse
2488,漢平,twse
2488,漢平,twse
2489,瑞軒,twse
2489,瑞軒,twse
2491,吉祥全,twse
2491,吉祥全,twse
2476,鉅祥,twse
2474,可成,twse
2474,可成,twse
2472,立隆電,twse
2455,全新,twse
2457,飛宏,twse
2457,飛宏,twse
2458,義隆,twse
2458,義隆,twse
2459,敦吉,twse
2459,敦吉,twse
2460,建通,twse
2460,建通,twse
2461,光群雷,twse
2461,光群雷,twse
2462,良得電,twse
2492,華新科,twse
2462,良得電,twse
2464,盟立,twse
2465,麗臺,twse
2465,麗臺,twse
2466,冠西電,twse
2466,冠西電,twse
2467,志聖,twse
2467,志聖,twse
2468,華經,twse
2468,華經,twse
2471,資通,twse
2471,資通,twse
2472,立隆電,twse
2464,盟立,twse
3003,健和興,twse
2492,華新科,twse
2493,揚博,twse
2546,根基,twse
2547,日勝生,twse
2548,華固,twse
2596,綠意,tpex
2597,潤弘,twse
2601,益航,twse
2603,長榮,twse
2605,新興,twse
2606,裕民,twse
2607,榮運,twse
2608,嘉里大榮,twse
2609,陽明,twse
2610,華航,twse
2611,志信,twse
2612,中航,twse
2613,中櫃,twse
2614,東森,twse
2615,萬海,twse
2616,山隆,twse
2617,台航,twse
2618,長榮航,twse
2630,亞航,twse
2633,台灣高鐵,twse
2634,漢翔,twse
2636,台驊控股,twse
2545,皇翔,twse
2543,皇昌,twse
2542,興富發,twse
2540,愛山林,twse
2495,普安,twse
2495,普安,twse
2496,卓越,twse
2497,怡利電,twse
2498,宏達電,twse
2498,宏達電,twse
2501,國建,twse
2504,國產,twse
2505,國揚,twse
2506,太設,twse
2509,全坤建,twse
2511,太子,twse
2493,揚博,twse
2514,龍邦,twse
2516,新建,twse
2520,冠德,twse
2524,京城,twse
2527,宏璟,twse
2528,皇普,twse
2530,華建,twse
2534,宏盛,twse
2535,達欣工,twse
2536,宏普,twse
2537,聯上發,twse
2538,基泰,twse
2539,櫻花建,twse
2515,中工,twse
3004,豐達科,twse
2929,淘帝-KY,twse
3005,神基,twse
3171,炎洲流通,tpex
3176,基亞,tpex
3178,公準,tpex
3184,微邦,emerging
3188,鑫龍騰,tpex
3189,景碩,twse
3189,景碩,twse
3191,雲嘉南,tpex
3194,圓方科技,emerging
3205,佰研,tpex
3206,志豐,tpex
3207,耀勝,tpex
3209,全科,twse
3209,全科,twse
3211,順達,tpex
3213,茂訊,tpex
3217,優群,tpex
3218,大學光,tpex
3219,倚強科,tpex
3221,台嘉碩,tpex
3224,三顧,tpex
3226,龍鋒,tpex
3227,原相,tpex
3228,金麗科,tpex
3229,晟鈦,twse
3169,亞信,tpex
3168,眾福科,twse
3168,眾福科,twse
3167,大量,twse
3105,穩懋,tpex
3114,好德,tpex
3115,富榮綱,tpex
3117,年程,emerging
3118,進階,tpex
3122,笙泉,tpex
3128,昇銳,tpex
3130,一零四,twse
3131,弘塑,tpex
3135,凌航,twse
3135,凌航,twse
3138,耀登,twse
3229,晟鈦,twse
3138,耀登,twse
3147,大綜,tpex
3149,正達,twse
3149,正達,twse
3150,鈺寶-創,twse
3150,鈺寶-創,twse
3150,鈺寶-創,twse
3152,璟德,tpex
3158,嘉實,tpex
3162,精確,tpex
3163,波若威,tpex
3164,景岳,twse
3164,景岳,twse
3005,神基,twse
3097,拍檔,emerging
3230,錦明,tpex
3231,緯創,twse
3308,聯德,twse
3310,佳穎,tpex
3311,閎暉,twse
3311,閎暉,twse
3312,弘憶股,twse
3312,弘憶股,twse
3313,斐成,tpex
3317,尼克森,tpex
3321,同泰,twse
3321,同泰,twse
3322,建舜電,tpex
3323,加百裕,tpex
3324,雙鴻,tpex
3325,旭品,tpex
3332,幸康,tpex
3338,泰碩,twse
3338,泰碩,twse
3339,泰谷,tpex
3346,麗清,twse
3349,寶德,tpex
3354,律勝,tpex
3356,奇偶,twse
3356,奇偶,twse
3357,臺慶科,tpex
3360,尚立,tpex
3308,聯德,twse
3306,鼎天,tpex
3305,昇貿,twse
3305,昇貿,twse
3232,昱捷,tpex
3234,光環,tpex
3236,千如,tpex
3252,海灣,tpex
3257,虹冠電,twse
3257,虹冠電,twse
3259,鑫創,tpex
3260,威剛,tpex
3264,欣銓,tpex
3265,台星科,tpex
3266,昇陽,twse
3268,海德威,tpex
3231,緯創,twse
3272,東碩,tpex
3284,太普高,tpex
3285,微端,tpex
3287,廣寰科,tpex
3288,點晶,tpex
3289,宜特,tpex
3290,東浦,tpex
3293,鈊象,tpex
3294,英濟,tpex
3296,勝德,twse
3296,勝德,twse
3297,杭特,tpex
3303,岱稜,tpex
3276,宇環,tpex
3095,及成,tpex
3141,晶宏,tpex
3094,聯傑,twse
3024,憶聲,twse
3025,星通,twse
3025,星通,twse
3026,禾伸堂,twse
3026,禾伸堂,twse
3027,盛達,twse
3027,盛達,twse
3028,增你強,twse
3028,增你強,twse
3029,零壹,twse
3029,零壹,twse
3094,聯傑,twse
3030,德律,twse
3031,佰鴻,twse
3031,佰鴻,twse
3032,偉訓,twse
3032,偉訓,twse
3033,威健,twse
3033,威健,twse
3034,聯詠,twse
3034,聯詠,twse
3035,智原,twse
3035,智原,twse
3036,文曄,twse
3036,文曄,twse
3024,憶聲,twse
3037,欣興,twse
3023,信邦,twse
3022,威強電,twse
3006,晶豪科,twse
3006,晶豪科,twse
3008,大立光,twse
3008,大立光,twse
3010,華立,twse
3010,華立,twse
3011,今皓,twse
3011,今皓,twse
3013,晟銘電,twse
3013,晟銘電,twse
3014,聯陽,twse
3014,聯陽,twse
3015,全漢,twse
3015,全漢,twse
3016,嘉晶,twse
3016,嘉晶,twse
3017,奇鋐,twse
3017,奇鋐,twse
3018,隆銘綠能,twse
3018,隆銘綠能,twse
3019,亞光,twse
3019,亞光,twse
3021,鴻名,twse
3021,鴻名,twse
3022,威強電,twse
3023,信邦,twse
3037,欣興,twse
3030,德律,twse
3038,全台,twse
3057,喬鼎,twse
3058,立德,twse
3058,立德,twse
3059,華晶科,twse
3059,華晶科,twse
3060,銘異,twse
3060,銘異,twse
3062,建漢,twse
3062,建漢,twse
3064,泰偉,tpex
3066,李洲,tpex
3067,全域,tpex
3038,全台,twse
3073,天方能源,tpex
3078,僑威,tpex
3081,聯亞,tpex
3083,網龍,tpex
3085,新零售,tpex
3086,華義*,tpex
3088,艾訊,tpex
3090,日電貿,twse
3090,日電貿,twse
3092,鴻碩,twse
3092,鴻碩,twse
3093,港建*,tpex
3057,喬鼎,twse
3056,富華新,twse
3071,協禧,tpex
3055,蔚華科,twse
3055,蔚華科,twse
3040,遠見,twse
3041,揚智,twse
3041,揚智,twse
3042,晶技,twse
3042,晶技,twse
3043,科風,twse
3044,健鼎,twse
3044,健鼎,twse
3045,台灣大,twse
3045,台灣大,twse
3046,建碁,twse
3046,建碁,twse
3043,科風,twse
3047,訊舟,twse
3054,立萬利,twse
3047,訊舟,twse
3054,立萬利,twse
3052,夆典,twse
3051,力特,twse
3050,鈺德,twse
3051,力特,twse
3049,精金,twse
3049,精金,twse
3048,益登,twse
3048,益登,twse
3050,鈺德,twse
OilGasElectricity,油電燃氣類指數,twse
OtherElectronic,其他電子類指數,twse
IronSteel,鋼鐵類指數,twse
Optoelectronic,光電類指數,twse
Other,其他類指數,twse
PaperPulp,造紙類指數,twse
Textiles,紡織纖維類指數,twse
Rubber,橡膠類指數,twse
Semiconductor,半導體類指數,twse
ShippingTransportation,航運業類指數,twse
TAIEX,加權指數,twse
InformationService,資訊服務類指數,twse
Tourism,觀光事業類指數,twse
Plastics,塑膠類指數,twse
GlassCeramic,玻璃陶瓷類指數,twse
BiotechnologyMedicalCare,生技醫療類指數,twse
FinancialInsurance,金融保險類指數,twse
ElectronicProductsDistribution,電子通路類指數,twse
ElectronicPartsComponents,電子零組件類指數,twse
Electronic,電子類指數,twse
ElectricMachinery,電機機械類指數,twse
ElectricalCable,電器電纜類指數,twse
ComputerPeripheralEquipment,電腦及週邊設備類指數,twse
CommunicationsInternet,通信網路類指數,twse
ChemicalBiotechnologyMedicalCare,化學生技醫療類指數,twse
Chemical,化學類指數,twse
Cement,水泥類指數,twse
BuildingMaterialConstruction,建材營造類指數,twse
Automobile,汽車類指數,twse
TPEx,櫃買指數,tpex
Food,食品類指數,twse
TradingConsumersGoods,貿易百貨類指數,twse
